STOK KODU;BUFFER;DEPO;PASİF
34189-100;;;5
34191-100;Kalacak;;
69019-100;Kalacak;;
69019-200;;;
34185-100;;;
00416-100;Kalacak;;
00738-100;Kalacak;;
34183-100;;;
00412-200;Kalacak;;
34175-100;;;5
34178-100;;;
34604-100;;2;
34605-100;;2;
34174-100;;;5
34601-100;;2;
40503-200;;2;
40042-200;;2;
34181-100;;;
00540-200;Kalacak;;
00438-200;Kalacak;;
34173-100;;;5
34574-100;Kalacak;;
69010-200;Kalacak;;
34171-100;;;5
34548-100;Kalacak;;
01255-100;Kalacak;;
00604-200;;;
53004-100;;2;
01243-100;Kalacak;;
34186-100;;;
00536-200;Kalacak;;
40821-100;;2;
34172-100;;;5
34558-200;Kalacak;;
34179-100;;;
01041-100;Kalacak;;
34184-100;;;
00414-100;;2;
34163-200;Kalacak;;
34182-100;;;
00545-200;Kalacak;;
34187-100;;;
00642-100;Kalacak;;
34180-100;;;
01100-100;;2;
40327-200;Kalacak;;
34335-100;Kalacak;;
34123-100;;2;
01014-100;Kalacak;;
20313-200;Kalacak;;
69004-200;Kalacak;;
69005-200;Kalacak;;
40753-200;Kalacak;;
00805-200;Kalacak;;
34380-100;Kalacak;;
36117-200;Kalacak;;
37186-200;;;5
40792-200;;;5
40818-100;;2;
34113-200;Kalacak;;
34592-200;Kalacak;;
36123-200;Kalacak;;
00723-100;Kalacak;;
01027-200;Kalacak;;
71531-200;Kalacak;;
36086-100;Kalacak;;
36001-100;;2;
00660-200;;;5
36099-100;Kalacak;;
01035-200;Kalacak;;
00411-200;Kalacak;;
00410-200;Kalacak;;
30103-100;;;5
00541-200;Kalacak;;
00423-200;Kalacak;;
57004-200;Kalacak;;
34400-100;;2;
34549-100;Kalacak;;
36073-100;Kalacak;;
34419-100;;;5
37304-200;Kalacak;;
00815-100;Kalacak;;
40015-200;;;
01089-100;;2;
36012-100;Kalacak;;
36000-100;Kalacak;;
40724-200;Kalacak;;
40785-200;;2;
00447-100;Kalacak;;
34522-100;Kalacak;;
44010-100;Kalacak;;
36100-100;Kalacak;;
30669-100;Kalacak;;
36060-100;Kalacak;;
36070-100;Kalacak;;
34407-100;;;5
70009-200;Kalacak;;
70017-200;Kalacak;;
30677-100;Kalacak;;
30672-100;;2;
30675-100;;2;
34597-100;Kalacak;;
40074-200;Kalacak;;
36124-200;Kalacak;;
48078-200;Kalacak;;
00558-100;Kalacak;;
00887-100;Kalacak;;
01051-200;Kalacak;;
01003-100;Kalacak;;
34388-100;Kalacak;;
34389-100;Kalacak;;
34390-100;;;5
36110-200;;2;
36111-200;Kalacak;;
34351-100;Kalacak;;
34397-100;Kalacak;;
34398-100;;2;
34399-100;;2;
00765-200;Kalacak;;
34600-100;Kalacak;;
36056-100;Kalacak;;
36054-100;Kalacak;;
36052-200;Kalacak;;
36055-100;Kalacak;;
43000-200;Kalacak;;
40522-200;Kalacak;;
37310-200;Kalacak;;
34489-100;Kalacak;;
34501-100;Kalacak;;
34408-100;Kalacak;;
34409-100;;;5
34410-100;;2;
43020-200;Kalacak;;
40524-200;Kalacak;;
01232-100;Kalacak;;
36071-100;Kalacak;;
45032-100;Kalacak;;
36092-100;Kalacak;;
36066-100;Kalacak;;
36090-100;Kalacak;;
36063-100;Kalacak;;
36095-100;Kalacak;;
00690-200;;;5
30407-100;Kalacak;;
40828-200;;2;
36094-100;Kalacak;;
34579-200;;2;
01235-100;Kalacak;;
00693-100;Kalacak;;
36121-100;Kalacak;;
01004-100;Kalacak;;
00617-100;;2;
41073-200;;2;
01233-100;Kalacak;;
01088-100;;2;
20355-200;Kalacak;;
36009-100;Kalacak;;
01230-100;Kalacak;;
36088-100;Kalacak;;
01231-100;Kalacak;;
36125-200;Kalacak;;
01227-100;Kalacak;;
00672-200;Kalacak;;
00661-200;;;5
00737-200;;2;
40528-200;Kalacak;;
30460-100;Kalacak;;
30459-100;;2;
30166-100;;;5
30167-100;;;
30172-100;;;5
30173-100;;;5
30198-100;;;5
30207-100;;;5
30208-100;;;5
30211-100;;;5
30216-100;;;5
30224-100;;;
30231-100;;;5
30237-100;;;5
30238-100;;;5
30242-100;;;5
30245-100;;;5
30250-100;;;5
30251-100;;;
30252-100;;;5
30270-100;;;5
30273-100;;;
30290-100;;;5
30295-100;;;5
30343-100;;;
20501-100;;;5
57005-100;Kalacak;;
57006-100;;2;
57007-100;Kalacak;;
57009-200;Kalacak;;
57010-200;Kalacak;;
57011-200;Kalacak;;
57012-200;Kalacak;;
57014-100;Kalacak;;
57015-200;Kalacak;;
57016-200;Kalacak;;
57017-200;Kalacak;;
57018-200;Kalacak;;
57019-200;Kalacak;;
57020-200;Kalacak;;
57021-200;Kalacak;;
57022-200;Kalacak;;
57023-200;Kalacak;;
57024-200;Kalacak;;
57025-200;Kalacak;;
57026-200;Kalacak;;
57027-200;Kalacak;;
57028-200;Kalacak;;
57029-200;Kalacak;;
57030-200;Kalacak;;
57031-200;Kalacak;;
57032-200;Kalacak;;
41001-200;;;5
41002-200;;;5
41006-200;;;5
41007-200;;;5
41011-200;;;
41012-200;;;
41017-200;;;
41019-200;;;
41021-200;;;5
41022-200;;;5
41023-200;;;
41024-200;;;5
41025-200;;;5
41031-200;;;
41038-200;;;
41042-200;;;5
41043-200;;;
41046-200;;;5
41049-200;;;5
41052-200;;;5
41060-200;;;5
41071-200;;;5
41072-200;;;
41080-200;;;5
41083-200;;;5
41085-200;;;5
41086-200;;;5
41088-200;;;
41094-200;;;5
41101-200;;;
41106-200;;;5
41111-200;;;
41114-200;;;5
41126-200;;;5
41136-200;;;5
41137-200;;;5
41148-200;;;
41149-200;;;5
41153-200;;;5
41154-200;;;
41155-200;;;5
41160-200;;;5
41161-200;;;5
41163-200;;;5
41171-200;;;5
41173-200;;;5
41175-200;;;
41178-200;;;5
41180-200;;;5
41181-200;;;5
41185-200;;;
41186-200;;;
41188-200;;;
41189-200;;;
41194-200;;;5
41197-200;;;
41200-200;;;
41204-200;;;5
41217-200;;;5
41221-200;;;
41222-200;;;
41223-200;;;5
41225-200;;;5
41226-200;;;5
41232-200;;;5
41233-200;;;5
41234-200;;;
41239-200;;;
36002-100;Kalacak;;
36003-100;Kalacak;;
36004-100;Kalacak;;
36005-100;Kalacak;;
36006-100;Kalacak;;
36007-100;Kalacak;;
36008-100;Kalacak;;
36010-100;Kalacak;;
36011-100;Kalacak;;
36013-100;Kalacak;;
36014-100;Kalacak;;
36015-100;Kalacak;;
36016-100;Kalacak;;
36017-100;Kalacak;;
36018-100;Kalacak;;
36019-100;Kalacak;;
36020-100;Kalacak;;
36021-100;Kalacak;;
36022-100;;2;
36023-100;Kalacak;;
36024-100;;2;
36025-100;;2;
36026-100;;2;
36027-100;;2;
36028-100;;2;
36029-100;;2;
36030-100;;2;
36031-100;;2;
36032-100;;2;
36033-100;;2;
36034-100;;2;
36035-100;;2;
36036-100;;2;
36037-100;;2;
36038-100;;2;
36039-100;;2;
36040-100;;2;
36041-100;;2;
36042-100;;2;
36043-100;Kalacak;;
36044-100;Kalacak;;
36045-100;;2;
36046-100;Kalacak;;
36047-100;Kalacak;;
36057-100;Kalacak;;
36058-100;Kalacak;;
00413-100;;2;
36061-100;Kalacak;;
36062-100;Kalacak;;
36064-100;Kalacak;;
36065-100;Kalacak;;
36067-100;Kalacak;;
36068-100;Kalacak;;
36069-100;Kalacak;;
36074-100;Kalacak;;
36075-100;Kalacak;;
36076-100;Kalacak;;
36077-100;;2;
36078-100;Kalacak;;
36079-100;Kalacak;;
36080-100;Kalacak;;
36081-100;Kalacak;;
36082-100;Kalacak;;
36083-100;Kalacak;;
36084-100;;2;
36085-100;Kalacak;;
36087-100;Kalacak;;
36089-100;;2;
36096-100;Kalacak;;
36097-100;Kalacak;;
36098-100;Kalacak;;
36101-100;Kalacak;;
36104-100;;2;
36105-100;;2;
36106-100;Kalacak;;
36107-100;;2;
36108-100;Kalacak;;
36109-100;;2;
36112-200;;2;
36113-200;;2;
36114-200;;2;
36115-200;Kalacak;;
36116-200;;2;
36118-200;;2;
36119-200;;2;
36120-200;Kalacak;;
36122-200;Kalacak;;
36126-200;;2;
36127-200;;2;
36128-200;;2;
36129-200;;2;
36130-200;;2;
36131-200;Kalacak;;
36132-200;;2;
36133-200;;2;
36134-200;Kalacak;;
36135-200;;2;
36136-200;Kalacak;;
36137-200;;2;
36138-200;Kalacak;;
36139-100;Kalacak;;
36140-100;Kalacak;;
36141-100;Kalacak;;
36142-100;Kalacak;;
36143-100;Kalacak;;
36144-100;Kalacak;;
36145-100;Kalacak;;
36146-100;Kalacak;;
36147-100;Kalacak;;
36148-100;Kalacak;;
36149-100;Kalacak;;
36150-100;Kalacak;;
36151-100;Kalacak;;
36152-100;Kalacak;;
36153-100;Kalacak;;
36154-100;Kalacak;;
36155-100;Kalacak;;
36156-100;Kalacak;;
36157-100;Kalacak;;
36158-100;Kalacak;;
36159-100;Kalacak;;
36160-100;Kalacak;;
36161-100;Kalacak;;
36162-100;Kalacak;;
36163-100;;2;
36164-100;Kalacak;;
36165-100;Kalacak;;
36166-100;Kalacak;;
36167-100;Kalacak;;
36168-100;Kalacak;;
36169-100;Kalacak;;
36170-100;;2;
36171-100;Kalacak;;
36175-100;Kalacak;;
36185-100;Kalacak;;
36186-100;Kalacak;;
36187-200;Kalacak;;
36188-200;Kalacak;;
36189-100;;;
36190-100;;2;
36191-100;Kalacak;;
36192-100;Kalacak;;
36193-100;;2;
36194-100;;2;
36195-100;Kalacak;;
36196-100;Kalacak;;
36197-100;Kalacak;;
36198-100;;2;
36199-100;Kalacak;;
36200-100;Kalacak;;
36201-100;Kalacak;;
36202-100;;;
36203-100;Kalacak;;
36204-100;;2;
36205-100;;;
36206-100;;2;
36207-100;;;
36208-100;;2;
36209-100;;2;
36210-100;;2;
36211-100;;;
36212-100;Kalacak;;
36213-100;Kalacak;;
36214-100;Kalacak;;
36215-100;;;
36216-100;Kalacak;;
36217-100;;;
36218-100;;;
36219-100;;;
36220-100;Kalacak;;
36221-100;Kalacak;;
00674-100;Kalacak;;
00675-100;Kalacak;;
00696-200;Kalacak;;
00698-200;Kalacak;;
00711-200;Kalacak;;
00718-100;Kalacak;;
00724-100;Kalacak;;
00740-100;;2;
00746-200;Kalacak;;
00748-200;Kalacak;;
00749-200;Kalacak;;
00770-200;Kalacak;;
00776-100;Kalacak;;
80000-100;;;
80001-100;;;
80002-100;;;
80003-100;;;
80004-100;;;
80005-100;;2;
80006-100;;;
80007-100;;;
80008-100;;;
80009-100;;2;
80010-100;;2;
80011-100;;;
80014-200;Kalacak;;
80050-100;;;
00654-100;Kalacak;;
00655-100;Kalacak;;
00658-200;;;5
36050-200;Kalacak;;
36051-200;Kalacak;;
36053-100;Kalacak;;
36091-100;Kalacak;;
36093-100;Kalacak;;
36102-100;;2;
36103-100;;2;
36172-100;Kalacak;;
36173-100;Kalacak;;
36174-100;Kalacak;;
36176-100;Kalacak;;
36177-100;Kalacak;;
36178-100;Kalacak;;
36179-100;Kalacak;;
36180-100;Kalacak;;
36181-100;Kalacak;;
36182-100;Kalacak;;
36183-100;Kalacak;;
36184-100;Kalacak;;
36222-100;;;
36223-100;Kalacak;;
36224-100;Kalacak;;
55000-100;Kalacak;;
55001-100;Kalacak;;
55002-100;Kalacak;;
55003-100;Kalacak;;
33060-100;;;5
33061-100;;;5
33062-100;;;
33063-100;;;5
33064-100;;2;
33065-100;;2;
34000-200;;;5
34001-200;;;5
34051-200;;;
34052-200;;;
34053-200;;;
34054-200;;;5
34055-200;Kalacak;;
34056-100;;;
34061-200;;;5
34062-100;;;
34071-100;;2;
34072-100;;;5
34073-100;;;5
34074-100;;;5
34075-100;;2;
34076-100;;;5
34077-100;Kalacak;;
34078-100;Kalacak;;
34079-100;;;5
34080-100;Kalacak;;
34081-200;;2;
34082-100;Kalacak;;
34083-100;;2;
34084-100;;;
34085-100;Kalacak;;
34086-100;Kalacak;;
34087-100;Kalacak;;
34088-100;;;
34089-100;;;
34090-100;;;
34091-100;;;
34092-100;;;
34093-100;;;5
34094-100;Kalacak;;
34095-100;;;
34096-100;;;
34097-100;;;
34098-100;;;
34099-100;;;
34100-100;;;5
34101-200;;2;
34102-200;;;5
34103-200;;;5
34104-100;;;
34105-100;;;
34106-100;;;
34107-100;;;
34108-100;Kalacak;;
34109-100;;2;
34111-200;;;
34112-200;Kalacak;;
34114-200;;;5
34115-100;Kalacak;;
34116-100;Kalacak;;
34117-100;;2;
34118-100;Kalacak;;
34119-100;;;5
34120-100;;2;
34121-100;;2;
34122-100;;2;
34124-100;;;5
34125-100;;;5
34127-100;;2;
34128-100;;;
34129-100;;;
34130-100;;;
34142-200;;;5
34143-200;;;
34144-100;Kalacak;;
34145-100;;;
34146-100;Kalacak;;
34152-100;;2;
34161-200;;;5
34162-200;Kalacak;;
34192-100;Kalacak;;
34193-100;Kalacak;;
34194-200;;;5
34195-200;;;
34196-200;;;
34197-100;;;
34198-100;;;
34211-200;Kalacak;;
34212-200;Kalacak;;
34213-200;Kalacak;;
34221-100;;2;
34222-100;;;5
34223-100;;;5
34224-100;;2;
34225-100;;;5
34226-100;;;
34230-200;Kalacak;;
34241-100;Kalacak;;
34242-100;Kalacak;;
34244-200;;2;
34245-100;;;
34251-200;Kalacak;;
34252-100;Kalacak;;
34261-200;Kalacak;;
34263-100;;2;
34271-100;;;5
34272-100;;2;
34273-100;;2;
34274-100;Kalacak;;
34275-100;Kalacak;;
34276-100;Kalacak;;
34277-100;;;
34278-100;;;
34279-100;Kalacak;;
34290-100;;;5
34291-200;;;
34292-100;;;
00100-200;;;5
34295-100;Kalacak;;
34296-100;;;
34297-100;;;5
34298-200;;;5
34299-100;;2;
34300-100;Kalacak;;
34301-100;;2;
34302-100;Kalacak;;
34303-100;Kalacak;;
34304-100;Kalacak;;
34305-100;Kalacak;;
34306-100;Kalacak;;
34307-100;Kalacak;;
34308-100;;;
34309-100;Kalacak;;
34310-100;Kalacak;;
34311-100;;;
34312-100;;;
34313-100;Kalacak;;
34314-100;Kalacak;;
34315-100;Kalacak;;
34316-100;Kalacak;;
34317-100;Kalacak;;
34318-100;Kalacak;;
34319-100;Kalacak;;
34320-100;;2;
34321-100;;2;
34322-100;;;5
34323-100;Kalacak;;
34324-100;;;5
34325-200;Kalacak;;
34326-200;Kalacak;;
34327-100;;;
34328-200;Kalacak;;
34329-200;;2;
34330-200;;;5
34331-200;;2;
34332-100;;2;
34333-100;;;
34334-200;;2;
34336-100;;2;
34337-100;;2;
34338-100;;2;
34339-100;;2;
34340-100;;2;
34341-100;;;
34342-100;;;
34343-100;;;
34344-200;Kalacak;;
34345-100;;2;
34346-100;;;
34347-100;Kalacak;;
34348-100;Kalacak;;
34349-100;Kalacak;;
34350-100;Kalacak;;
34352-100;Kalacak;;
34353-100;Kalacak;;
34354-100;;;5
34355-100;;;
34356-100;;2;
34357-100;;;
34358-100;Kalacak;;
34359-100;;;
34360-100;;;
34361-100;;;
34362-100;;;
34363-100;Kalacak;;
34364-100;Kalacak;;
34365-100;Kalacak;;
34366-100;Kalacak;;
34367-100;Kalacak;;
34368-100;Kalacak;;
34369-100;Kalacak;;
34370-100;Kalacak;;
34371-100;;;
34372-100;Kalacak;;
34373-100;Kalacak;;
34374-100;;;5
34375-100;;;
34376-100;;;
34377-100;;;
34378-100;Kalacak;;
34379-100;;;
34381-100;;;5
34382-100;;2;
34383-100;;2;
34384-100;;2;
34385-100;;2;
34386-100;;2;
34387-100;;;5
34391-100;;;
34392-100;;;
34393-100;;;
34394-100;;;
34395-100;;;
34396-100;;;
34401-100;;;5
34402-100;Kalacak;;
34403-100;;2;
34404-100;;2;
34405-100;;2;
34406-100;;;5
34411-100;Kalacak;;
34412-100;;;5
34413-100;;2;
34414-100;Kalacak;;
34415-100;Kalacak;;
34416-100;;2;
00569-100;;;5
34418-100;;2;
34420-100;;2;
34421-100;Kalacak;;
34422-100;;;5
34423-100;;;
34424-100;;;
34425-100;Kalacak;;
34426-100;Kalacak;;
34427-100;;2;
34428-100;;2;
34429-100;;;
34430-100;;;
34431-100;;;
34432-100;;;
34433-100;Kalacak;;
34434-100;;;
34435-100;;;
34436-100;Kalacak;;
34437-100;Kalacak;;
34438-100;Kalacak;;
34440-100;;;
34441-100;;;
00533-200;;2;
00614-100;Kalacak;;
00709-200;;;5
34445-100;;;
34446-100;;;
34447-100;;;
34448-100;;;
34449-100;;;
34450-100;;;
34451-100;;;
34452-100;;;
34453-100;;2;
34454-100;;2;
34455-100;Kalacak;;
34456-100;;;
34457-100;;;
34458-100;;;
34459-100;;;5
34460-100;;;5
34461-100;;;
34462-100;;;
34463-100;;;
34464-100;;;5
34465-100;;;
34466-100;;;
34467-100;;;
34468-100;;;
34469-100;;;
34470-100;;;
34471-100;;;
34472-100;;;5
34473-100;;;
34474-100;;;
34475-100;;;
34476-100;Kalacak;;
34477-100;Kalacak;;
34478-100;Kalacak;;
34479-100;;2;
34480-100;Kalacak;;
34481-100;;;
34482-100;;;
34483-100;;;
34484-100;;;
34485-100;;;
34486-100;;;5
34487-100;;;
34488-100;;2;
34500-100;Kalacak;;
34502-100;;;
34503-100;;;
34504-100;Kalacak;;
34505-100;Kalacak;;
34506-100;Kalacak;;
34507-100;Kalacak;;
34508-100;;;
34509-100;;;
34510-100;;;
34511-100;;;5
34512-100;;;
34513-100;Kalacak;;
34514-100;;;
34515-100;Kalacak;;
00607-100;;;5
00613-200;;;5
00639-200;;;5
00657-200;;;5
00735-200;;;5
34521-200;;;5
34523-100;Kalacak;;
34524-100;;;5
34525-100;;2;
34526-100;Kalacak;;
34527-100;;;5
34528-100;;2;
34529-100;;;5
34530-100;;;5
34531-100;;;5
34532-100;;;
34533-100;;;
34534-100;;;
34535-100;Kalacak;;
34536-100;Kalacak;;
34537-100;Kalacak;;
34542-100;;;5
34543-100;Kalacak;;
34544-100;Kalacak;;
34544-200;;;5
34545-100;Kalacak;;
34545-200;;;
34546-200;;;5
34547-200;;2;
34550-100;Kalacak;;
34551-200;;2;
34552-100;Kalacak;;
34553-100;;;5
34554-100;Kalacak;;
34555-100;Kalacak;;
34556-100;Kalacak;;
34557-100;Kalacak;;
34559-100;Kalacak;;
34560-200;Kalacak;;
00678-100;Kalacak;;
00729-200;;;5
00732-200;;;5
01018-100;;;5
34565-100;;;5
34566-100;Kalacak;;
34567-100;;2;
34568-100;Kalacak;;
34569-100;;;5
34570-100;;;
01021-100;;;5
01029-200;;;5
34573-100;Kalacak;;
34575-100;Kalacak;;
34580-100;;2;
34581-100;;;5
34582-100;;;5
34583-100;Kalacak;;
34586-100;Kalacak;;
34586-200;;2;
34587-100;Kalacak;;
34588-100;Kalacak;;
34589-100;;;
34590-100;;;5
34591-100;Kalacak;;
34593-100;Kalacak;;
01031-200;;;5
34595-100;;2;
34596-200;Kalacak;;
34599-100;;2;
34602-100;;2;
34603-100;;2;
34606-100;;2;
34607-100;;2;
34608-100;;2;
34609-100;;;
34610-100;Kalacak;;
34611-100;Kalacak;;
34612-100;;2;
34614-100;;2;
34615-100;;2;
34616-100;;2;
34617-100;;;
34618-100;;;
34619-100;;;
34620-100;;2;
34621-100;Kalacak;;
34622-100;;2;
34623-100;;;
34624-100;;;
34625-100;;;
34626-100;;;
34627-100;;;
34629-100;;;
34630-100;;;
34631-100;;;
34633-100;;;
34640-100;;;
34641-100;;2;
34642-100;;2;
34643-100;;2;
34644-100;;;
34645-100;Kalacak;;
34646-100;Kalacak;;
34647-100;;;
34648-100;;;
34649-100;;;
34650-100;;;
34651-100;Kalacak;;
34652-100;;;
34653-100;;;
34654-100;;;
34655-100;Kalacak;;
34656-200;Kalacak;;
34657-100;;;
34658-100;;;
34659-200;;;
34660-200;;;
34661-200;Kalacak;;
34662-200;Kalacak;;
34663-200;Kalacak;;
34664-200;Kalacak;;
34665-200;;;
10001-200;;;
10004-200;;;
28106-200;;;5
28138-200;Kalacak;;
28139-200;;2;
01650-200;Kalacak;;
00005-100;;;
00017-100;;;
01042-100;;;5
00101-100;Kalacak;;
00104-200;;;5
00113-100;;;
00117-200;;;5
00118-100;;2;
00120-200;Kalacak;;
00121-200;Kalacak;;
00816-100;;;5
00823-100;Kalacak;;
00827-200;;;5
00828-100;Kalacak;;
00829-100;;;5
00830-100;;;5
00833-100;;2;
00835-100;;2;
00837-100;Kalacak;;
00840-100;;2;
00846-200;;2;
00849-200;Kalacak;;
00922-100;Kalacak;;
00923-100;Kalacak;;
00817-200;Kalacak;;
00818-200;;2;
00819-100;Kalacak;;
00820-200;Kalacak;;
00821-100;Kalacak;;
00822-200;Kalacak;;
00824-100;Kalacak;;
00825-200;Kalacak;;
00826-200;Kalacak;;
00838-100;Kalacak;;
00775-200;Kalacak;;
00800-200;Kalacak;;
00801-200;;;
00802-200;Kalacak;;
00803-200;Kalacak;;
00804-200;Kalacak;;
00806-200;Kalacak;;
00807-200;Kalacak;;
00808-200;Kalacak;;
00809-200;Kalacak;;
00810-200;Kalacak;;
00811-200;Kalacak;;
00812-200;Kalacak;;
00813-200;Kalacak;;
00841-200;Kalacak;;
00842-200;Kalacak;;
00843-200;;2;
00844-200;Kalacak;;
00845-200;;2;
00847-200;;2;
00848-200;;2;
00920-100;Kalacak;;
00924-200;Kalacak;;
00926-200;Kalacak;;
00929-200;Kalacak;;
39100-100;;;5
39101-100;;2;
01043-100;;;5
37100-100;;;
37101-100;;;
37102-100;;;
37103-100;Kalacak;;
37104-100;Kalacak;;
37105-100;Kalacak;;
37106-100;Kalacak;;
37107-100;Kalacak;;
37108-100;Kalacak;;
37109-100;;;
37110-100;Kalacak;;
37111-100;Kalacak;;
37112-100;Kalacak;;
37113-100;Kalacak;;
37114-100;Kalacak;;
37115-100;Kalacak;;
37116-100;Kalacak;;
37117-100;Kalacak;;
37118-100;;;
37119-100;Kalacak;;
37120-100;Kalacak;;
37121-100;Kalacak;;
37122-100;Kalacak;;
37123-100;Kalacak;;
37124-100;Kalacak;;
37125-100;Kalacak;;
37126-100;Kalacak;;
37127-100;Kalacak;;
37128-100;;;
37129-100;;;
37130-100;Kalacak;;
37131-100;;;
37132-100;;;5
37133-100;;;5
37134-100;;2;
37135-100;;2;
37136-100;Kalacak;;
37137-100;;2;
37138-100;;2;
37139-100;;2;
37140-100;;2;
37141-100;;2;
37142-100;Kalacak;;
37143-100;;2;
37144-100;Kalacak;;
37145-100;Kalacak;;
37146-100;Kalacak;;
37147-100;Kalacak;;
37148-100;Kalacak;;
37149-100;Kalacak;;
37150-100;;2;
37151-100;Kalacak;;
37152-100;;2;
37153-100;;2;
37154-100;;2;
37155-100;Kalacak;;
37156-100;;2;
37157-100;Kalacak;;
37158-100;;2;
37159-100;Kalacak;;
37160-100;;2;
37161-100;Kalacak;;
37162-100;Kalacak;;
37163-100;Kalacak;;
37164-100;;2;
37165-100;;2;
37166-100;;2;
37167-100;;2;
01074-100;Kalacak;;
01010-100;;;5
01011-200;Kalacak;;
01012-200;Kalacak;;
01013-100;Kalacak;;
01015-100;;2;
01016-100;Kalacak;;
01017-100;Kalacak;;
01217-100;;;5
01019-100;Kalacak;;
01023-200;Kalacak;;
01024-200;Kalacak;;
01025-200;Kalacak;;
01026-100;Kalacak;;
01026-200;;2;
20272-200;;;5
01030-100;Kalacak;;
01032-200;;2;
01033-200;Kalacak;;
01036-200;;;5
01037-200;Kalacak;;
01039-200;;2;
01040-100;;;
20300-200;;;5
20302-200;;;5
01044-100;Kalacak;;
01045-100;Kalacak;;
01046-100;Kalacak;;
01047-100;Kalacak;;
01049-100;Kalacak;;
01049-200;;2;
01052-200;Kalacak;;
01053-200;Kalacak;;
01057-100;Kalacak;;
01066-100;;2;
01067-100;Kalacak;;
01067-200;;2;
01068-100;Kalacak;;
01068-200;;2;
01078-200;Kalacak;;
01079-200;;2;
01083-200;Kalacak;;
01086-100;;2;
01087-100;;2;
01090-100;Kalacak;;
01091-100;Kalacak;;
01092-100;Kalacak;;
01097-100;Kalacak;;
01098-100;;2;
01099-200;Kalacak;;
01101-100;;2;
01103-100;Kalacak;;
01104-100;Kalacak;;
01106-100;Kalacak;;
01107-100;Kalacak;;
01108-200;Kalacak;;
01109-200;Kalacak;;
01110-100;;2;
01115-100;Kalacak;;
01119-100;Kalacak;;
01119-200;;2;
01125-100;Kalacak;;
01126-100;Kalacak;;
01127-100;Kalacak;;
01131-100;Kalacak;;
01132-100;Kalacak;;
01133-100;Kalacak;;
01142-200;Kalacak;;
01143-200;;2;
01144-200;Kalacak;;
01150-200;Kalacak;;
01167-100;Kalacak;;
01168-100;Kalacak;;
01169-100;Kalacak;;
01171-100;Kalacak;;
01172-100;Kalacak;;
01173-100;;;
01174-100;Kalacak;;
90000-100;;;
01147-100;Kalacak;;
01054-100;Kalacak;;
01058-100;Kalacak;;
01064-100;Kalacak;;
01069-200;Kalacak;;
01070-100;Kalacak;;
01071-100;Kalacak;;
01072-100;Kalacak;;
01073-100;Kalacak;;
01081-100;Kalacak;;
01082-100;Kalacak;;
01084-100;Kalacak;;
01102-100;;2;
01105-100;Kalacak;;
01111-100;;2;
01112-100;;2;
01113-200;;2;
01114-200;Kalacak;;
01116-100;Kalacak;;
01117-100;Kalacak;;
01118-100;Kalacak;;
01120-100;;2;
01121-200;Kalacak;;
01122-100;Kalacak;;
01123-100;Kalacak;;
01124-100;Kalacak;;
01130-100;Kalacak;;
01134-200;;;
01136-200;;;
01138-100;Kalacak;;
01139-100;Kalacak;;
01140-100;Kalacak;;
01141-200;Kalacak;;
01145-100;Kalacak;;
01146-200;;;
01155-100;Kalacak;;
01156-100;Kalacak;;
01159-100;Kalacak;;
01161-100;Kalacak;;
01162-100;Kalacak;;
01164-200;;;
01165-100;Kalacak;;
01166-100;Kalacak;;
01170-100;Kalacak;;
01001-100;;2;
01006-100;Kalacak;;
01009-100;Kalacak;;
01020-100;Kalacak;;
20312-200;;;5
01022-100;;2;
01028-100;Kalacak;;
01061-200;Kalacak;;
01063-200;;2;
01065-100;;2;
01080-200;;2;
01128-200;Kalacak;;
01129-100;Kalacak;;
01137-100;Kalacak;;
01154-200;Kalacak;;
01163-200;Kalacak;;
01000-100;Kalacak;;
01002-100;Kalacak;;
01007-100;Kalacak;;
01008-100;Kalacak;;
01034-100;;;
01055-200;Kalacak;;
01056-200;Kalacak;;
01059-200;Kalacak;;
01060-200;Kalacak;;
01062-200;Kalacak;;
01075-200;;2;
01076-200;;2;
01077-200;;2;
01085-100;Kalacak;;
01093-100;Kalacak;;
01094-100;Kalacak;;
01095-100;Kalacak;;
01096-100;Kalacak;;
01151-100;Kalacak;;
01152-200;Kalacak;;
01153-100;Kalacak;;
01157-100;Kalacak;;
01158-100;Kalacak;;
00415-200;Kalacak;;
00512-200;;;5
00515-200;;;
00516-200;;;
00520-100;Kalacak;;
00521-100;Kalacak;;
00542-200;Kalacak;;
00543-200;Kalacak;;
00544-100;Kalacak;;
00546-200;;2;
00547-200;;;5
00624-200;Kalacak;;
00625-200;Kalacak;;
00626-200;Kalacak;;
00628-200;;;5
00631-200;;2;
00633-100;Kalacak;;
00634-200;;;5
00636-200;Kalacak;;
00637-200;Kalacak;;
00638-200;Kalacak;;
34188-100;;;5
00640-200;;2;
00641-200;Kalacak;;
00643-200;;;
00761-200;Kalacak;;
00762-100;Kalacak;;
00766-200;Kalacak;;
00500-200;;;5
00513-200;;;5
00517-200;;2;
00518-200;Kalacak;;
00519-200;;;5
00400-200;;;
00402-100;;;
00404-100;;2;
00406-200;Kalacak;;
00407-200;;;
00408-200;;;
00409-200;Kalacak;;
00728-100;Kalacak;;
00417-100;Kalacak;;
00451-200;Kalacak;;
00452-200;Kalacak;;
00501-200;Kalacak;;
00502-200;;;
00503-200;;;
00504-200;;;
00505-200;;;
00506-200;;;
00507-200;Kalacak;;
00508-200;Kalacak;;
00509-200;;2;
00510-200;;;
00511-200;;;5
00514-200;;;5
00524-200;;2;
00525-200;;;
00526-100;;;5
00527-100;Kalacak;;
00529-100;;2;
00530-200;;2;
00531-200;;2;
00532-100;;2;
01200-100;Kalacak;;
00534-200;Kalacak;;
00537-200;Kalacak;;
00538-200;Kalacak;;
00539-200;;2;
00548-200;Kalacak;;
00627-100;;;5
00644-200;Kalacak;;
00645-200;Kalacak;;
00648-100;Kalacak;;
00759-200;Kalacak;;
00773-100;Kalacak;;
00779-200;Kalacak;;
00783-200;Kalacak;;
00798-100;Kalacak;;
00925-100;Kalacak;;
00535-200;Kalacak;;
00549-200;Kalacak;;
00792-100;Kalacak;;
00793-100;Kalacak;;
00794-200;Kalacak;;
00795-100;Kalacak;;
00796-100;Kalacak;;
00797-100;Kalacak;;
00460-200;Kalacak;;
00461-100;Kalacak;;
00767-200;Kalacak;;
40022-200;;2;
40028-200;Kalacak;;
40034-200;Kalacak;;
40040-200;Kalacak;;
40050-200;Kalacak;;
40051-200;Kalacak;;
40057-200;Kalacak;;
40065-200;Kalacak;;
40072-200;Kalacak;;
40076-200;Kalacak;;
40079-200;Kalacak;;
40081-200;Kalacak;;
40084-200;Kalacak;;
40087-200;;2;
40115-200;Kalacak;;
40120-200;Kalacak;;
40121-200;;2;
40122-200;Kalacak;;
40123-200;Kalacak;;
40124-200;Kalacak;;
40125-200;Kalacak;;
40127-200;Kalacak;;
40130-200;Kalacak;;
40137-200;Kalacak;;
40138-200;Kalacak;;
40322-200;Kalacak;;
40323-200;Kalacak;;
40324-200;Kalacak;;
40325-200;Kalacak;;
40329-200;Kalacak;;
70800-200;;;
70801-100;;;
70802-100;;2;
70803-100;;;5
70805-100;;2;
70806-100;;;5
70807-100;;;
70808-100;;;
70809-100;;;
70810-100;;;
70811-100;;;
70812-200;;;5
70813-100;;;
70814-100;;;5
70815-100;;2;
85000-200;;;
30141-100;;;
34293-200;;;5
34417-100;;;5
01600-100;Kalacak;;
30600-100;;;
30601-100;;;
30602-100;;;
33500-100;;;5
33501-100;;;5
33502-100;;;5
20271-200;;;
20273-200;Kalacak;;
34516-100;;;5
34517-100;;;5
20303-200;;;
20304-200;Kalacak;;
20305-200;;;
20307-200;Kalacak;;
20308-200;;;5
20309-200;Kalacak;;
20310-200;;;5
20311-200;Kalacak;;
34518-100;;;5
20314-200;Kalacak;;
20315-200;Kalacak;;
20316-200;;;5
20317-200;;;5
20351-200;;;
20354-200;;;5
20356-200;;2;
20270-200;;;
00418-200;Kalacak;;
00419-200;Kalacak;;
00528-200;Kalacak;;
00839-100;Kalacak;;
01050-100;;2;
32348-100;;;
32357-100;;;5
32425-100;;;5
32427-100;;;
32448-200;;;
32457-100;;;
32459-100;;;5
32666-200;;;5
32758-100;;;5
32770-100;;2;
32771-100;;2;
32772-100;;2;
32773-100;;2;
32774-100;;2;
32775-100;;;5
32776-100;;;5
32777-100;;;5
32778-100;;;5
32779-100;;;5
32780-100;;2;
32781-100;;2;
32782-100;;;5
32783-100;;;5
32784-100;;2;
32785-100;;2;
32786-100;;;5
32787-100;;;5
32788-100;;;
32789-100;;;5
32790-100;;;5
32791-100;;;5
32792-100;;;5
32793-100;;;5
32794-100;;;5
32795-100;;;5
32796-100;;;5
32797-100;;;5
32798-100;;;5
32799-100;;;5
32800-100;;2;
32801-100;;;5
32802-100;;;5
32803-100;;;
32909-200;;2;
32924-200;;;5
32926-200;;2;
32936-200;;;5
33228-100;;;
33273-200;;;
33274-100;;;5
33275-100;;;5
33276-200;;;
33277-200;;;
33278-200;;;
33279-100;;;5
20106-200;;;5
20109-200;;;5
20112-200;;;5
20113-200;;;
20115-200;;2;
20116-200;;2;
20117-200;;;
20118-200;;;
20119-200;;2;
20120-200;;;
20122-200;;;5
20123-200;;;5
20124-200;;2;
20126-200;;;5
20128-200;;2;
20129-200;;;
20130-200;;;
20132-200;;;
20133-200;;;5
20135-200;;2;
20137-200;;2;
20138-200;;2;
20140-200;;2;
20141-200;;2;
20142-200;;2;
20143-200;;2;
20144-200;;2;
20202-200;;;5
20203-200;;2;
20204-200;;2;
20205-200;;;5
20206-200;;2;
20208-200;;2;
20209-200;;;5
20210-200;;2;
20213-200;;;5
20214-200;;2;
20215-200;;;5
20216-200;;2;
20218-200;;2;
20221-200;;2;
20224-200;;2;
20228-200;;2;
20229-200;;;5
20230-200;;2;
20232-200;;2;
20233-200;;2;
20236-200;;2;
20237-200;;;
40250-200;;2;
30001-100;;;
30002-100;;;
30003-100;;;
30004-100;;;
30005-100;;;
30006-100;;;
30007-100;;;
30008-100;;;
30009-100;;;
30010-100;;;
30011-100;;;
30012-100;;;
30013-100;;;
30014-100;;;
30015-100;;;
30016-100;;;
30017-100;;;
30018-100;;;
30019-100;;;
30020-100;;;
30021-100;;;
30022-100;;;
30023-100;;;
30024-100;;;
30025-100;;;
30026-100;;;
30027-100;;;
30028-100;;;
30029-100;;;
30030-100;;;
30031-100;;;
30032-100;;;
30033-100;;;
30034-100;;;
30035-100;;;
30036-100;;;
30037-100;;;
30038-100;;;
30039-100;;;
30040-100;;;
30041-100;;;
30042-100;;;
30043-100;;;
30044-100;;;
30045-100;;;
30046-100;;;
30047-100;;;
30048-100;;;
30049-100;;;
30050-100;;;
30051-100;;;
30052-100;;;
30053-100;;;
30054-100;;;
30055-100;;;
30056-100;;;
30057-100;;;
30058-100;;;
30059-100;Kalacak;;
30060-100;;;
30061-100;;;
30062-100;;;
30063-100;;;
30064-100;;;
30065-100;;;
30066-100;;;
30067-100;;;
30068-100;;;
30069-100;;;
30070-100;;;
30071-100;;;
30072-100;;;
30073-100;;;
30074-100;;;
30075-100;;;
30076-100;;;
30077-100;;;
30078-100;;;
30079-100;;;
30080-100;;;
30081-100;;;
30082-100;;;
30083-100;;;
30084-100;;;
30085-100;;;
30086-100;;;
30087-100;;;
30088-100;;;
30089-100;;;
30090-100;;;
30091-100;;;
30092-100;;;
30093-100;;;
30094-100;;;
30095-100;;;
30096-100;;;
30097-100;;;
30098-100;;;
30099-100;;;
30120-100;;;
30121-100;;;
30122-100;;;
30123-100;;;
30124-100;;;
30125-100;;;
30126-100;;;
30127-100;;;
30129-100;;;
30750-100;;;
30751-100;;;
30752-100;;;
30753-100;;;
30754-100;;;
30755-100;;;
30756-100;;;
30757-100;;;
30758-100;;;
30759-100;;;
30760-100;;;
30761-100;;;
30762-100;;;
30763-100;;;
30764-100;;;
30765-100;;;
30766-100;;;
30767-100;;;
30768-100;;;
30769-100;;;
30770-100;;;
30771-100;;;
30772-100;;;
30773-100;;;
30774-100;;;
30775-100;;;
30776-100;;;
30777-100;;;
30778-100;;;
30779-100;;;
30780-100;;;
30781-100;;;
30782-100;;;
30783-100;;;
30784-100;;;
30785-100;;;
30786-100;;;
30787-100;;;
30788-100;;;
30789-100;;;
30790-100;;;
30791-100;;;
30792-100;;;
30793-100;;;
30794-100;;;
30795-100;;;
30796-100;;;
30797-100;;;
30798-100;;;
30799-100;;;
30800-100;;;
30801-100;;;
30802-100;;;
30803-100;;;
30804-100;;;
30805-100;;;
30806-100;;;
30807-100;;;
30808-100;;;
30809-100;;;
30810-100;;;
30811-100;;;
30812-100;;;
30813-100;;;
30814-100;;;
30815-100;;;
30816-100;;;
30817-100;;;
30818-100;;;
30819-100;;;
30820-100;;;
30821-100;;;
88300-100;;;
88301-100;;;
88305-100;;;
88309-100;;;
88310-100;;;
48054-200;Kalacak;;
48060-200;;2;
48208-200;Kalacak;;
48209-200;Kalacak;;
48210-200;Kalacak;;
48211-200;Kalacak;;
48212-200;Kalacak;;
48213-200;Kalacak;;
48214-200;Kalacak;;
48215-200;Kalacak;;
48253-200;;2;
49500-100;;2;
49501-100;;2;
49502-100;;2;
49503-100;;2;
49504-100;Kalacak;;
49505-100;Kalacak;;
49506-100;Kalacak;;
49507-100;Kalacak;;
49508-100;;2;
49509-100;Kalacak;;
49510-100;;2;
49511-100;;2;
49512-100;;;
49513-100;;;
31031-200;;;5
31034-200;;;5
31036-200;;;5
31101-200;;;5
31102-200;;;5
31103-200;;;5
31104-200;;;5
31106-100;;;5
31106-200;;;5
31250-200;;;5
31252-200;;;5
31253-100;;;5
31253-200;;;
31255-200;;;5
31257-200;;;5
31262-200;;;5
33420-200;;;
33424-200;;;5
33428-200;;;5
33431-200;;;5
33438-200;;;5
33452-100;;;
33453-100;;;
33454-200;;;5
33455-200;;;5
33456-200;;;5
33457-200;;;5
33458-200;;;5
33459-100;;;5
33461-100;;;5
33462-100;;;5
50000-100;;2;
50001-100;;2;
50002-100;;2;
70075-200;Kalacak;;
71500-200;Kalacak;;
71501-200;;2;
71502-200;;2;
71503-200;Kalacak;;
71504-200;;2;
71505-200;;2;
71506-200;;2;
71507-200;Kalacak;;
71508-200;;;5
71509-200;Kalacak;;
71515-200;;2;
71516-200;;2;
71517-200;Kalacak;;
71518-200;Kalacak;;
71519-200;Kalacak;;
71520-200;Kalacak;;
71521-200;Kalacak;;
71522-200;Kalacak;;
71523-200;Kalacak;;
71524-200;Kalacak;;
71525-200;Kalacak;;
71526-200;Kalacak;;
71527-200;Kalacak;;
71528-200;Kalacak;;
71529-100;Kalacak;;
71530-100;Kalacak;;
71532-100;Kalacak;;
71533-100;Kalacak;;
71534-100;Kalacak;;
71535-100;Kalacak;;
71536-100;Kalacak;;
71537-200;Kalacak;;
71538-200;Kalacak;;
71539-200;;2;
70008-200;;;5
70011-200;;;
70012-200;Kalacak;;
70013-200;Kalacak;;
70040-200;Kalacak;;
70042-200;Kalacak;;
70043-200;Kalacak;;
70044-200;Kalacak;;
70062-200;Kalacak;;
70063-200;Kalacak;;
70064-200;Kalacak;;
70065-200;Kalacak;;
70066-200;Kalacak;;
10314-100;;;
10315-100;;;
30650-100;;;5
30651-100;;;5
30652-100;;2;
30653-200;;2;
30654-200;;2;
30655-100;;2;
30656-100;;;5
30657-100;;2;
30658-200;;;5
30659-200;;2;
30660-100;;2;
30661-100;;2;
30662-100;;2;
30663-100;;2;
30664-100;;2;
30665-100;Kalacak;;
30666-100;Kalacak;;
30667-100;;2;
30668-100;;;5
30670-100;;2;
30671-100;;;5
30673-100;;2;
30674-100;;;5
30676-100;;2;
30678-100;;2;
30100-100;;2;
30101-100;Kalacak;;
01201-100;Kalacak;;
34519-100;;;5
30104-100;;2;
30105-100;;2;
30106-100;;;
30107-100;;;
30108-100;;2;
30109-100;;;
30110-100;;;
30111-100;;;
30112-100;;;5
30113-100;;;
30118-100;;2;
30119-100;Kalacak;;
30130-100;Kalacak;;
30131-100;;2;
30132-100;Kalacak;;
30133-100;Kalacak;;
30134-100;Kalacak;;
30135-100;Kalacak;;
30136-100;Kalacak;;
30137-100;;;
30138-100;Kalacak;;
30139-100;Kalacak;;
30140-100;;2;
30142-100;;;
30143-100;;;
30144-100;;2;
30145-100;;2;
30146-100;;;5
30147-100;;2;
30148-100;;;5
30149-100;;;
30400-100;;;
30401-100;;;
30402-100;;;
30403-100;;;
30404-100;;;
30405-100;;;
30406-100;;;
30408-100;;2;
30409-100;;;
30410-100;;;
30411-100;;;
30412-100;;;
30413-100;;;
30414-100;;;
30415-100;;;
30416-100;;2;
30417-100;Kalacak;;
30418-100;Kalacak;;
30419-100;Kalacak;;
30420-100;;;
30421-100;;;
30422-100;Kalacak;;
30423-100;;2;
30424-100;Kalacak;;
30425-100;;2;
30426-100;;2;
30427-100;;2;
30428-100;Kalacak;;
30429-100;;;
30430-100;;;
30431-100;;;
30432-100;;;
30433-100;;;
30434-100;;;
30435-100;;;
30436-100;;;
30437-100;;;
30438-100;;;
30439-100;;;
30440-100;;;
30441-100;;;
30442-100;;;
30443-100;;;
30444-100;Kalacak;;
30445-100;;;
30446-100;;;
30447-100;;2;
30448-100;;;5
30449-100;;;
30450-100;;;
30451-100;;;
30452-100;;;
30453-100;Kalacak;;
30454-100;Kalacak;;
30455-100;Kalacak;;
30456-100;;2;
30457-100;;;
30458-100;;;5
30461-100;;;
30462-100;;;
30463-100;;;
30464-100;;;
30465-100;;;5
30466-100;;2;
30467-100;;;
30468-100;;2;
30469-100;;;
30470-100;;2;
30471-100;;2;
30472-100;Kalacak;;
30473-100;;2;
30474-100;;;
30475-100;;;
30476-100;;;
30477-100;Kalacak;;
30478-100;Kalacak;;
30479-100;Kalacak;;
30480-100;Kalacak;;
30481-100;Kalacak;;
30482-100;Kalacak;;
00550-100;;;5
00551-100;;;5
00552-100;;;5
00553-100;;;5
00554-100;;;
00555-100;;;
00556-100;;;
00557-100;;;
00559-100;;;5
00560-100;;;5
00561-100;;;5
00562-100;;;
00563-100;;;
00564-100;;;5
00565-100;;;5
00703-200;;;
00567-100;;;
00568-100;;;5
34520-100;;;5
00570-100;;;5
00571-100;;;
00572-100;;;5
00573-100;;;5
20407-200;;;
00575-200;;;5
00576-100;;;5
00577-200;;;5
00578-200;;;
00579-200;;;
00580-200;;;
00581-100;;;
00582-100;;;
00583-100;;;5
00584-100;Kalacak;;
00585-100;;;5
00586-200;;;
00587-100;;;
00588-100;;;
00589-100;;;
00590-100;;;
00591-200;Kalacak;;
00592-100;;;
00593-100;;;
00594-100;;;
00595-100;;;
00596-100;;;
00597-100;;;
00598-100;;;
00599-100;;;
00600-100;;;
00601-100;;;
00602-100;;;
00603-100;;;
00605-200;;;
34561-100;;;5
00606-200;;;
34562-100;;;5
00612-200;;;5
00609-100;;;
00610-100;;;
00611-200;;;5
00702-200;;;5
34563-100;;;5
01202-100;;;5
00615-100;Kalacak;;
00616-100;;;5
00618-100;;2;
00620-100;;;5
00621-100;;;5
00622-100;;2;
00623-100;;2;
00635-100;;;5
20408-200;;;5
00704-200;;;5
20404-200;;;
01048-100;Kalacak;;
01048-200;;2;
20406-200;;;
20405-200;;;
20401-200;;;
20402-200;;;
00574-200;;;
20400-200;;;5
00566-200;;2;
00608-100;;2;
30154-100;Kalacak;;
30158-100;;2;
30159-100;;2;
30268-100;;;
78990-200;Kalacak;;
78991-200;Kalacak;;
01005-100;;2;
01500-100;Kalacak;;
01501-100;Kalacak;;
01502-100;Kalacak;;
57008-100;Kalacak;;
71000-100;;;5
71001-100;;;5
34564-100;;;5
52001-100;;2;
52002-100;;2;
00667-100;Kalacak;;
00673-200;;;5
00687-200;Kalacak;;
00692-100;Kalacak;;
00736-200;Kalacak;;
00739-100;Kalacak;;
00742-100;Kalacak;;
00743-200;Kalacak;;
00744-100;Kalacak;;
00745-100;Kalacak;;
00774-100;Kalacak;;
10402-200;;;5
20907-200;;;
20908-200;;2;
20910-200;;2;
51000-200;;;5
51001-200;;;5
51002-100;;;5
51003-200;;;5
44000-100;Kalacak;;
44001-100;;2;
44002-200;Kalacak;;
44003-200;;2;
44004-100;Kalacak;;
44005-200;Kalacak;;
44006-200;Kalacak;;
44007-200;Kalacak;;
44008-200;Kalacak;;
44009-200;Kalacak;;
44011-200;Kalacak;;
44012-200;Kalacak;;
44013-200;Kalacak;;
44014-100;Kalacak;;
44015-200;Kalacak;;
44016-100;Kalacak;;
44017-100;Kalacak;;
00440-200;;;5
00029-200;;2;
00030-200;;2;
38311-200;;;5
38331-100;;;5
38350-200;;;5
38354-200;;;5
43029-200;;;5
43030-200;;;5
43031-200;;;5
43001-100;Kalacak;;
43002-100;;;5
43002-200;Kalacak;;
43003-100;Kalacak;;
43004-100;Kalacak;;
43005-100;Kalacak;;
43006-100;Kalacak;;
43007-100;Kalacak;;
43008-100;Kalacak;;
43009-100;Kalacak;;
43010-200;Kalacak;;
43011-200;Kalacak;;
43012-200;Kalacak;;
43013-200;Kalacak;;
43014-200;Kalacak;;
43015-200;Kalacak;;
43016-200;Kalacak;;
43017-200;Kalacak;;
43018-100;Kalacak;;
43019-200;Kalacak;;
43021-200;Kalacak;;
43022-200;Kalacak;;
43023-200;;2;
43024-200;Kalacak;;
43025-200;Kalacak;;
43026-200;Kalacak;;
43027-200;Kalacak;;
43028-200;Kalacak;;
43032-200;;2;
43033-200;;2;
43034-200;;2;
43035-200;Kalacak;;
43036-200;;2;
43037-200;Kalacak;;
43038-200;Kalacak;;
43039-200;Kalacak;;
43040-200;;2;
43042-200;;2;
43043-200;Kalacak;;
43045-200;Kalacak;;
43046-200;Kalacak;;
43047-200;;2;
43048-200;Kalacak;;
43049-200;;2;
43050-100;Kalacak;;
43051-100;Kalacak;;
48500-100;;;5
34571-100;;;5
34572-100;;;5
48503-100;;;5
48504-100;;;5
48505-200;;;5
41500-200;;;5
41501-200;;;5
41502-100;;;5
41503-100;;;5
41504-100;;;5
41505-100;;;5
41506-200;;;5
41507-200;;;5
41508-200;;;5
41510-100;;;5
41512-200;;;5
41514-100;;;5
41515-100;;;5
41516-100;;2;
41517-100;;2;
41518-100;;;5
41519-100;;;5
41520-100;;;5
41529-200;;;5
41530-200;;;5
41531-200;;;5
41532-200;;;5
41533-200;;;5
34594-100;;;5
E-41500-200;;;
E-41501-200;;;5
E-41502-100;;;5
E-41503-100;;;5
E-41504-100;;;5
E-41505-100;;;5
E-41523-200;;;5
E-41524-200;;;5
E-41525-200;;;5
E-41526-100;;;5
E-41527-100;;;
E-41528-100;;;5
E-41534-200;;;5
E-41535-200;;;5
E-41536-200;;;5
E-41537-200;;;5
E-41538-200;;;5
E-41539-200;;;5
E-41540-200;;;5
E-41541-200;;;5
E-41542-200;;;5
Y-41509-200;;;
Y-41511-200;;;5
Y-41513-100;;;5
Y-41519-100;;;5
Y-41521-100;;;5
Y-41522-100;;2;
20500-100;Kalacak;;
20502-100;Kalacak;;
53000-100;Kalacak;;
53001-100;Kalacak;;
53002-100;Kalacak;;
53003-100;Kalacak;;
62004-200;Kalacak;;
62005-200;Kalacak;;
69001-200;Kalacak;;
69002-200;Kalacak;;
69003-200;Kalacak;;
69006-200;Kalacak;;
69007-200;Kalacak;;
69008-200;Kalacak;;
69014-200;Kalacak;;
69015-200;Kalacak;;
69016-200;Kalacak;;
69017-200;Kalacak;;
69018-100;;;5
70007-200;;;5
38365-200;;;5
70018-200;Kalacak;;
70019-200;Kalacak;;
70020-200;Kalacak;;
70021-200;Kalacak;;
70024-200;Kalacak;;
70025-200;Kalacak;;
70026-200;Kalacak;;
70027-200;Kalacak;;
70029-200;Kalacak;;
70030-200;Kalacak;;
70031-200;Kalacak;;
70032-200;Kalacak;;
70033-200;Kalacak;;
70034-200;Kalacak;;
70035-200;Kalacak;;
70036-200;Kalacak;;
70037-200;Kalacak;;
70039-200;;2;
70041-200;Kalacak;;
70048-200;Kalacak;;
70049-200;Kalacak;;
70060-200;Kalacak;;
70061-200;Kalacak;;
70067-200;Kalacak;;
70070-200;Kalacak;;
70072-200;;;5
70073-200;Kalacak;;
70074-200;Kalacak;;
70078-200;Kalacak;;
70079-200;Kalacak;;
70080-100;Kalacak;;
70081-200;Kalacak;;
70082-200;Kalacak;;
70083-200;Kalacak;;
70084-200;Kalacak;;
71510-200;Kalacak;;
71511-200;Kalacak;;
71512-200;Kalacak;;
71513-200;Kalacak;;
71514-200;Kalacak;;
71540-200;Kalacak;;
71541-200;Kalacak;;
71542-200;Kalacak;;
00850-200;;;
00851-200;;;
00852-200;;;
00853-100;;;5
00854-100;;;5
00855-100;;;5
00856-200;;;
00857-200;;;5
00858-200;;;5
00859-100;Kalacak;;
00860-100;;2;
00861-200;Kalacak;;
00862-100;Kalacak;;
00863-100;;;5
00864-100;Kalacak;;
00865-100;;;5
00866-100;;;5
00867-200;;;5
00868-100;Kalacak;;
00869-100;Kalacak;;
00870-100;Kalacak;;
00871-100;;;5
00872-100;Kalacak;;
00873-200;Kalacak;;
00874-100;;;5
00875-100;;;5
00876-100;Kalacak;;
00877-100;Kalacak;;
00878-100;Kalacak;;
00879-200;Kalacak;;
00880-100;;2;
00881-100;;2;
00882-100;Kalacak;;
00882-200;Kalacak;;
00883-200;Kalacak;;
00884-200;Kalacak;;
00885-100;Kalacak;;
00886-100;Kalacak;;
00888-100;Kalacak;;
00889-100;Kalacak;;
00890-100;;2;
00891-100;Kalacak;;
00892-100;Kalacak;;
00894-100;Kalacak;;
00895-100;Kalacak;;
00896-100;Kalacak;;
00897-100;Kalacak;;
00898-100;Kalacak;;
00899-100;Kalacak;;
00919-100;;;
00921-100;Kalacak;;
00680-200;;;5
00681-200;;;5
00682-200;;;5
00683-200;;;5
00684-200;;;5
00685-200;;;5
00686-200;;;5
70900-100;;;5
70901-100;;;5
70902-100;;;5
70903-100;;;5
70904-200;;;5
70905-200;;;
70906-200;;;
00695-100;Kalacak;;
38374-200;;;5
00713-200;Kalacak;;
00714-200;Kalacak;;
00715-200;Kalacak;;
00937-100;Kalacak;;
00938-100;Kalacak;;
00735-100;Kalacak;;
30102-100;;2;
00945-100;Kalacak;;
34442-100;;2;
00935-100;Kalacak;;
00649-100;Kalacak;;
00936-100;Kalacak;;
00939-100;Kalacak;;
40527-200;Kalacak;;
40761-200;;2;
00788-200;Kalacak;;
00787-200;Kalacak;;
00662-200;Kalacak;;
00676-100;Kalacak;;
00677-100;Kalacak;;
00656-200;Kalacak;;
00652-100;Kalacak;;
00650-200;;;
00651-200;;;
00653-100;Kalacak;;
00709-100;Kalacak;;
00688-100;Kalacak;;
00699-200;Kalacak;;
00706-100;;2;
00707-100;;;5
00758-200;Kalacak;;
00689-100;Kalacak;;
00730-200;;2;
00734-100;;2;
00782-100;Kalacak;;
00668-100;Kalacak;;
00719-100;;;5
00708-200;;;5
00694-200;Kalacak;;
00691-200;;;5
00717-100;Kalacak;;
00665-200;Kalacak;;
00710-200;Kalacak;;
00716-100;;;5
00727-200;Kalacak;;
00757-200;Kalacak;;
00726-100;Kalacak;;
00725-200;Kalacak;;
00664-200;Kalacak;;
00733-200;Kalacak;;
00731-200;Kalacak;;
00756-200;Kalacak;;
00712-100;Kalacak;;
00760-200;;;
00763-200;;2;
00764-200;;2;
00777-100;Kalacak;;
00771-200;Kalacak;;
00671-100;Kalacak;;
00784-100;Kalacak;;
00785-100;;2;
00755-200;Kalacak;;
00930-200;Kalacak;;
00931-100;Kalacak;;
00789-100;Kalacak;;
00790-200;Kalacak;;
00663-200;Kalacak;;
00780-200;Kalacak;;
00781-200;Kalacak;;
00786-100;Kalacak;;
00670-100;Kalacak;;
00768-100;Kalacak;;
00697-200;Kalacak;;
00669-100;Kalacak;;
00666-200;Kalacak;;
00679-200;;;5
00741-100;Kalacak;;
00747-200;Kalacak;;
00944-100;Kalacak;;
00943-100;Kalacak;;
00659-100;;;5
34443-100;Kalacak;;
34444-100;Kalacak;;
36059-200;Kalacak;;
01203-100;;2;
01204-100;;2;
01205-100;;2;
01206-100;;;5
01207-100;;;
01208-100;;;
01209-100;;;5
01210-100;;2;
01211-100;;2;
01212-100;;2;
01213-100;;;5
01214-100;Kalacak;;
01215-100;;2;
01216-100;;2;
40765-200;;2;
01218-100;;2;
01219-100;;2;
01220-100;;;
01221-100;Kalacak;;
01222-100;;;
01223-100;;;5
01224-100;;2;
01225-100;;2;
01226-100;Kalacak;;
01228-100;Kalacak;;
01229-100;Kalacak;;
01234-100;;2;
01236-100;;;
01237-100;;;
01238-100;;;
01239-100;;;
01240-100;;;
01241-100;;;
01242-100;;;
01244-100;;2;
01245-100;Kalacak;;
01246-100;Kalacak;;
01247-100;Kalacak;;
01248-100;Kalacak;;
01249-100;Kalacak;;
01250-100;Kalacak;;
01251-100;Kalacak;;
01252-100;;2;
01253-100;;2;
01254-100;Kalacak;;
01256-100;;;
01257-100;;2;
01258-100;Kalacak;;
01259-100;;2;
01260-100;Kalacak;;
01261-100;Kalacak;;
01262-100;Kalacak;;
01263-100;;2;
01264-100;Kalacak;;
01265-100;Kalacak;;
01266-100;Kalacak;;
01267-100;Kalacak;;
01268-100;Kalacak;;
01269-200;;2;
01270-100;Kalacak;;
01271-100;Kalacak;;
01272-100;Kalacak;;
01273-100;Kalacak;;
01274-100;Kalacak;;
01275-100;Kalacak;;
01276-100;Kalacak;;
01277-100;Kalacak;;
01278-100;Kalacak;;
01279-100;Kalacak;;
01280-100;Kalacak;;
01281-100;Kalacak;;
01282-100;Kalacak;;
01700-100;;;
01701-100;;;
01702-100;;;
01703-100;;;
01704-100;;;
01705-100;;;
01706-100;;;
01707-100;;;
01708-100;;;
01709-100;;;
01710-100;;;
01711-100;;;
01712-100;;;
01713-100;;;
01714-100;;;
70052-100;;;5
70057-100;;;5
70058-200;;;
70050-100;;;
70050-200;;;
70051-100;;;
70053-200;;;
70054-100;;;
70055-200;;;
70056-200;;;
70059-200;;;
00900-100;;;5
00901-100;;;5
00902-200;;;5
00903-100;;;5
00904-100;;;5
00905-100;;;5
00906-100;;;5
00907-100;;;5
00908-100;;;
00909-100;;;5
00910-100;;;5
00911-100;;;5
00912-200;;;5
00913-200;;;5
00914-100;;;5
00915-100;;;5
00916-100;;;5
00917-100;;;5
00918-100;;;5
40002-200;;2;
40005-200;;2;
40007-200;Kalacak;;
40008-200;;2;
40032-200;;2;
40052-200;;2;
40055-200;;2;
40056-200;;2;
40068-200;Kalacak;;
40077-200;Kalacak;;
40078-200;Kalacak;;
40080-200;Kalacak;;
40082-200;Kalacak;;
40083-200;Kalacak;;
40095-200;Kalacak;;
40131-200;Kalacak;;
40132-200;;2;
40133-200;;2;
40139-200;Kalacak;;
40141-200;Kalacak;;
40320-200;;2;
40333-200;Kalacak;;
40334-200;Kalacak;;
40335-200;Kalacak;;
40337-200;Kalacak;;
40338-200;Kalacak;;
00791-200;Kalacak;;
56060-100;Kalacak;;
56022-100;Kalacak;;
56006-100;;2;
56046-100;Kalacak;;
56012-100;Kalacak;;
56013-100;Kalacak;;
56016-100;Kalacak;;
56017-100;Kalacak;;
56019-100;Kalacak;;
56021-100;Kalacak;;
56020-100;Kalacak;;
56011-100;Kalacak;;
56010-100;Kalacak;;
56007-100;Kalacak;;
56023-100;Kalacak;;
56001-100;Kalacak;;
56002-100;;2;
56003-100;;2;
56005-100;Kalacak;;
56004-100;Kalacak;;
56014-100;Kalacak;;
56008-100;Kalacak;;
56009-100;Kalacak;;
56038-100;Kalacak;;
56039-100;Kalacak;;
56041-100;Kalacak;;
56040-100;Kalacak;;
56026-100;Kalacak;;
56045-100;;2;
56047-100;Kalacak;;
56050-100;Kalacak;;
56049-100;Kalacak;;
56048-100;Kalacak;;
56018-100;Kalacak;;
56000-100;Kalacak;;
56044-100;Kalacak;;
56042-100;Kalacak;;
56037-100;Kalacak;;
56043-100;Kalacak;;
56061-100;Kalacak;;
56062-100;Kalacak;;
56064-100;Kalacak;;
56063-100;Kalacak;;
56034-100;Kalacak;;
56035-200;;2;
56028-100;Kalacak;;
56029-100;;2;
56027-100;Kalacak;;
56025-100;Kalacak;;
56024-100;Kalacak;;
56031-200;;2;
56032-200;;2;
56057-100;Kalacak;;
56066-100;Kalacak;;
56051-100;Kalacak;;
56052-100;Kalacak;;
56068-100;Kalacak;;
56053-100;Kalacak;;
56054-100;Kalacak;;
56058-100;Kalacak;;
56059-100;Kalacak;;
56055-100;Kalacak;;
56056-100;Kalacak;;
56067-100;Kalacak;;
56065-100;Kalacak;;
56036-100;Kalacak;;
56030-200;;2;
56015-100;Kalacak;;
56033-200;;2;
48003-100;;2;
48004-100;;2;
48017-200;;;5
48021-200;;;5
48022-200;;;5
48025-200;;;
48026-200;Kalacak;;
48029-200;;2;
48034-200;;;5
48038-200;;;5
48039-200;;;5
48040-200;Kalacak;;
48041-100;;;5
48041-200;;;5
48042-200;;;5
48043-200;;;5
48044-200;Kalacak;;
48046-100;;;5
48046-200;;;5
48047-200;;;5
48049-200;;;5
48051-200;;;5
48052-200;;;5
48059-200;Kalacak;;
48064-200;;;
48067-200;;;5
48071-200;;;5
48072-200;;2;
48076-200;;2;
48077-200;Kalacak;;
48079-200;;;
48080-200;Kalacak;;
48082-100;;;
48082-200;;2;
48083-200;;2;
48086-100;;2;
48086-200;;2;
48090-200;Kalacak;;
48094-200;Kalacak;;
48098-200;Kalacak;;
48106-200;;2;
48110-200;;2;
48113-200;;2;
48115-200;;2;
48118-200;;2;
48119-200;;2;
48120-200;;2;
48121-200;;2;
48125-200;;2;
48127-200;;2;
48128-200;;;5
48141-200;;;5
48142-200;Kalacak;;
48143-200;;2;
48147-200;;2;
48148-200;;2;
48151-200;;;5
48153-200;;2;
48157-200;;2;
48160-100;;2;
48161-200;;2;
48163-200;;2;
48176-200;;;
48177-200;;;
48178-200;;;
48179-200;;;
48190-200;;;
48193-200;Kalacak;;
48312-100;;2;
48312-200;;2;
30500-100;;;
30502-100;;;
30503-100;;;
30504-100;;;
30505-100;;;
30506-100;;;
30507-100;;;
30508-100;;;
30509-100;;;
70100-200;Kalacak;;
70101-200;Kalacak;;
40529-100;;2;
40530-100;;2;
00403-100;Kalacak;;
00405-200;Kalacak;;
00420-200;Kalacak;;
00421-200;Kalacak;;
00422-200;;;
00424-200;;;5
00425-200;;;
00426-200;;;
00427-200;;;
00428-200;;2;
00429-200;Kalacak;;
00430-200;Kalacak;;
00432-200;Kalacak;;
00433-200;;2;
00434-200;Kalacak;;
00435-200;Kalacak;;
00436-200;;;
00437-200;;;5
00439-200;Kalacak;;
00442-100;Kalacak;;
00442-200;;;5
00443-200;;;
00444-200;Kalacak;;
00445-200;;;5
00446-100;Kalacak;;
00448-200;Kalacak;;
00449-200;Kalacak;;
00522-100;;2;
00523-100;;;5
00700-200;;;
00701-200;Kalacak;;
40014-200;;;
40029-200;;2;
40037-200;;2;
40048-200;;2;
40064-200;;;5
40067-200;;2;
40073-200;;2;
40119-200;;2;
40129-200;;2;
40336-200;;2;
78903-200;;;5
78867-200;;;5
78868-200;;;5
78854-200;;;5
78988-200;;;5
78855-200;;;5
78856-200;;;5
40756-200;Kalacak;;
78858-100;;;5
78877-200;;;5
78878-200;;;5
78907-200;;;5
78874-200;;;
78987-200;;;5
78882-200;;;5
78859-200;;;5
78957-200;;;5
78961-200;;;
78962-200;;;5
78963-200;;;5
78958-200;;;5
40744-200;;;5
78966-200;;;5
78857-100;;;5
78908-200;;;5
78926-200;;;5
78984-200;;;
78972-200;;;5
78960-200;;;
78980-100;;;5
78989-200;;;5
37893-200;;;5
37899-100;;;5
37974-100;;;5
37976-100;;;
37979-100;;;5
38233-100;;2;
38267-100;;;5
38398-100;;;5
20710-200;;;5
20711-200;;;5
30703-100;;;
30710-100;;;
30712-100;;;
34177-100;;;
35000-200;;;5
35001-200;;;5
35002-200;;;5
35003-200;;;5
35004-200;;;5
35005-200;;;
35006-200;;;
35007-200;;;
35008-200;;;
35009-100;;;5
35010-100;;;5
35011-100;;;5
35012-100;;;
35013-100;;;5
35014-100;;;
35015-100;;;
35016-100;;;
35017-100;;;
35018-100;;;
35019-100;;;
35020-100;;;
35021-100;;;
35022-100;;;
35023-100;;;
35024-100;;;
35025-100;;;
35026-100;;;
35027-100;;;
35028-100;;;
35029-100;;;
35030-100;;;
35031-100;;;
35032-100;;;
35033-100;;;
35034-100;;;
35035-100;;;
35036-100;;;
35037-100;;;
35038-100;;;
35039-100;;;
35040-100;;;
35041-100;;;
35042-100;;;
35043-100;;;5
35044-100;;;
35045-100;;;
35046-100;;;
35047-100;;;
35048-100;;;
35049-200;;;
35050-200;;;5
35051-200;;;
35052-200;;;5
35053-200;;;
35054-200;;;
35055-200;;;
35056-200;;;
35057-200;;;
35058-200;;;
35059-200;;;
35060-200;;;
35061-100;;;
35062-200;;;
35063-100;;;5
35064-100;;;
35065-100;;;5
35066-100;;;
35067-100;;;
35068-100;;;
35071-100;;;
35072-100;;;
35073-100;;;
35074-100;;;
35075-100;;;
35076-100;;;
35077-100;;;
35078-100;;;
35079-100;;;
35080-100;;;
35081-200;;;
35082-100;;;
35083-100;;;
35084-100;;;
35085-100;;;
35086-100;;;
35087-100;;;
35088-100;;;
35089-100;;;
35090-100;;;
35090-200;;;5
35091-100;;;
35091-200;;;5
35092-100;;;
35092-200;;;
35093-100;;;
35093-200;;;
35094-100;;;
35095-100;;;
35096-100;;;
35097-100;;;
35098-100;;;
35099-100;;;
35100-100;;;
35101-100;;;
35102-100;;;
35103-100;;;
35104-100;;;
35105-100;;;
35106-100;;;
35107-100;;;
35108-100;;;
35109-100;;;
35110-200;;;
35111-100;;;
35112-100;;;
35113-100;;;
35114-100;;;
35115-100;;;
35116-100;;;
35117-100;;;
35118-100;;;
35119-100;;;
35120-100;;;
35121-100;;;
35122-100;;;
35123-100;;;
35124-100;;;
35125-100;;;
35126-100;;;
35127-100;;;
35128-100;;;
35129-100;;;
35130-100;;;
35131-100;;;
35132-100;;;
35133-100;;;
35134-100;;;
35135-100;;;
35136-200;;;
35137-100;;;
35138-100;;;
35139-100;;;
35142-100;;;5
35144-100;;;
35145-100;;;
35146-100;;;
35147-100;;;
35148-100;;;
35149-100;;;
35150-100;;;
35151-100;;;
35152-100;;;
35153-100;;;5
35154-100;;;
35155-100;;;5
35156-100;;;5
35157-100;;;
35158-100;;;5
35159-100;;;5
35160-100;;;5
35161-100;;;
35162-100;;;
35163-100;;;
35164-100;;;
35165-100;;;
35166-100;;;
35167-100;;;
35168-100;;;
35169-100;;;
35171-100;;;
35172-100;;;
35173-100;;;
35174-200;;;
35175-100;;;
35176-100;;;
35177-100;;;
35178-100;;;
35179-100;;;
35180-100;;;
35181-100;;;
35182-100;;;
35183-100;;;
35184-100;;;
35185-100;;;
35186-100;;;
35187-100;;;
35188-100;;;
35189-100;;;
35190-100;;;
35191-200;;;
35192-100;;;
35193-100;;;
35194-100;;;
35195-100;;;
35196-100;;;
35197-100;;;
35198-100;;;
35199-100;;;
35200-100;;;
35201-100;;;
35202-100;;;
35203-100;;;5
35204-100;;;
35205-100;;;
35206-100;;;
35207-100;;;
35208-100;;;
35209-100;;;
35210-200;;;
35211-100;;;
35212-100;;;
35213-100;;;
35214-100;;;
35215-100;;;
35216-100;;;
35217-100;;;
35218-100;;;
35219-100;;;
35228-200;;;
35229-100;;;
35230-100;;;
35231-100;;;
35232-100;;;
35233-100;;;
35234-100;;;
35235-100;;;
35236-100;;;
35237-100;;;
35238-100;;;
35239-100;;;
35240-100;;;
35241-100;;;
35242-100;;;
35243-100;;;
35244-100;;;
35245-100;;;
35246-100;;;
35247-100;;;
35248-100;;;
35249-100;;;
35250-100;;;
35251-100;;;
35252-100;;;
35253-100;;;
35254-100;;;
35255-100;;;
35256-100;;;
35257-100;;;
35258-100;;;
35259-100;;;
35261-100;;;
35262-100;;;
35263-100;;;
35264-100;;;
35265-100;;;
35266-100;;;
35267-100;;;
35268-100;;;
35269-100;;;
35270-100;;;
35271-100;;;
35272-100;;;
35273-100;;;
35274-100;;;
35275-100;;;
35276-100;;;
35277-100;;;
35278-100;;;
35279-100;;;
35280-100;;;
35281-100;;;
35282-100;;;
35283-100;;;
35284-100;;;
35285-100;;;
35286-100;;;
35287-100;;;
35288-100;;;
35289-100;;;
35290-100;;;
35291-100;;;
35292-100;;;
35293-100;;;
35294-100;;;
35295-100;;;
35296-100;;;
35297-100;;;
35298-100;;;
35299-100;;;
35300-100;;;
35301-100;;;
35302-100;;;
35303-100;;;
35304-100;;;
35305-100;;;
35306-200;;;
35307-100;;;
35308-100;;;
35309-100;;;
35310-100;;;
35311-100;;;
35312-100;;;
35313-100;;;
35314-100;;;
35315-100;;;
35316-100;;;
35317-100;;;
35318-100;;;
35319-100;;;
35320-100;;;
35321-100;;;
35322-100;;;
35323-100;;;
35324-100;;;
35325-100;;;
35326-100;;;
35327-100;;;
35328-100;;;
35329-100;;;
35330-100;;;
35331-100;;;
35332-100;;;
35333-100;;;
35334-100;;;
35335-100;;;
35336-100;;;
35337-100;;;
35338-100;;;
35339-100;;;
35340-100;;;
35341-100;;;
35342-100;;;
35343-100;;;
35344-100;;;
35345-100;;;
35346-100;;;
35347-100;;;
35348-100;;;
35349-100;;;
35350-100;;;
35351-100;;;
35352-100;;;
35353-100;;;
35354-100;;;
35355-100;;;
35356-100;;;
35357-100;;;
35358-100;;;
35359-100;;;
35360-100;;;
35361-100;;;
35363-100;;;
35365-100;;;
35366-100;;;
35367-100;;;
35368-100;;;
35369-100;;;
35370-100;;;
35371-100;;;
35372-100;;;
35373-100;;;
35374-100;;;
35375-100;;;
35376-100;;;
35377-100;;;
35378-100;;;
35379-100;;;
35380-100;;;
35381-100;;;
35382-100;;;
35383-100;;;
35384-100;;;
35385-100;;;
35386-100;;;
35387-100;;;
35388-100;;;
35389-100;;;
35390-100;;;
35391-100;;;
35392-100;;;
35393-100;;;
35394-100;;;
35395-100;;;
35396-100;;;
35397-100;;;
35398-100;;;
35399-100;;;
35400-100;;;
35401-100;;;
35402-100;;;
35403-100;;;
35404-100;;;
35405-100;;;
35406-100;;;
35407-100;;;
35409-100;;;
35410-100;;;
35411-100;;;
35412-100;;;
35413-100;;;
35414-100;;;
35415-100;;;
35416-100;;;
35417-100;;;
35418-100;;;
35419-100;;;
35420-100;;;
35421-100;;;
35422-100;;;
35423-100;;;
35424-100;;;
35425-100;;;
35426-100;;;
35427-100;;;
35428-100;;;
35429-100;;;
35430-100;;;
35431-100;;;
35432-100;;;
35433-100;;;
35434-100;;;
35435-100;;;
35436-100;;;
35437-100;;;
35438-100;;;
35439-100;;;
35440-100;;;
35441-100;;;
35442-100;;;
35443-100;;;
35444-100;;;
35445-100;;;
35446-100;;;
35447-100;;;
35448-100;;;
35449-100;;;
35450-100;;;
35451-100;;;
35452-100;;;
35453-100;;;
35454-100;;;
35455-100;;;
35456-100;;;
35457-100;;;
35458-100;;;
35459-100;;;
35460-100;;;
35461-100;;;
35462-100;;;
35463-100;;;
35464-100;;;
35465-100;;;
35466-100;;;
35467-100;;;
35468-100;;;
35469-100;;;
35470-100;;;
35471-100;;;
35472-100;;;
35473-100;;;
35474-100;;;
35476-100;;;
35477-100;;;
35478-100;;;
35480-100;;;
35481-100;;;
35482-100;;;
35483-100;;;
35484-100;;;
35485-100;;;
35486-100;;;
35487-100;;;
35488-100;;;
35489-100;;;
35490-100;;;
35491-100;;;
35492-100;;;
35493-100;;;
35494-100;;;
35495-100;;;
35496-100;;;
35497-100;;;
35498-100;;;
35499-100;;;
35500-100;;;
35501-100;;;
35502-100;;;
35503-200;;;
35504-100;;;
35506-100;;;
35507-100;;;
35508-100;;;
35509-100;;;
35510-100;;;
35511-100;;;
35512-100;;;
35513-100;;;
35514-100;;;
35515-100;;;
35516-100;;;
35517-100;;;
35518-100;;;
35519-100;;;
35520-100;;;
35521-100;;;
35522-100;;;
35523-100;;;
35524-100;;;
35525-100;;;
35526-100;;;5
35527-100;;;
35528-100;;;
35529-100;;;
35530-100;;;
35531-100;;;
35532-100;;;
35533-200;;;
35534-100;;;
35535-100;;;
35536-100;;;
35537-100;;;
35538-100;;;
35539-100;;;
35540-100;;;
35541-100;;;
35542-100;;;
35543-100;;;
35544-100;;;
35545-100;;;
35546-100;;;
35547-100;;;
35548-100;;;
35549-100;;;5
35550-100;;;
35551-100;;;
35552-100;;;
35553-100;;;
35555-100;;;
35556-100;;;
35557-100;;;
35558-100;;;
35559-100;;;
35560-100;;;
35561-100;;;
35562-200;;;
35564-200;;;
35565-100;;;
35566-100;;;
35567-100;;;
35568-100;;;
35569-100;;;
35570-100;;;
35571-100;;;
35572-100;;;
35573-100;;;
35574-100;;;
35575-100;;;
35576-100;;;
35577-100;;;
35578-100;;;
35579-100;;;
35580-100;;;
35581-100;;;
35582-100;;;
35583-100;;;
35584-100;;;
35585-100;;;
35586-100;;;
35587-100;;;
35588-100;;;
35589-100;;;
35590-100;;;
35591-100;;;
35592-100;;;
35593-100;;;
35594-100;;;
35595-100;;;
35596-200;;;
35597-100;;;
35598-100;;;
35599-100;;;
35600-100;;;
35601-200;;;
35602-100;;;
35603-100;;;
35604-100;;;
35605-100;;;
35606-100;;;
35607-100;;;
35608-200;;;
35609-100;;;
35610-100;;;
35611-100;;;
35612-100;;;
35613-100;;;
35614-100;;;
35615-100;;;
35616-100;;;
35617-200;;;
35618-200;;;
35619-200;;;
35620-100;;;
35621-100;;;
35622-100;;;
35623-100;;;
35624-100;;;
35625-100;;;
35626-100;;;
35627-100;;;
35628-100;;;
35629-100;;;
35630-100;;;
35631-100;;;
35632-100;;;
35633-100;;;
35634-100;;;
35635-100;;;
35636-100;;;
35637-100;;;
35638-100;;;
35639-100;;;
35640-100;;;
35641-100;;;
35642-100;;;
35643-100;;;
35644-100;;;
35645-100;;;
35646-100;;;
35647-100;;;
35648-100;;;
35649-100;;;
35650-100;;;
35651-100;;;
35652-100;;;
35653-100;;;
35654-200;;;
35655-100;;;
35656-100;;;
35657-100;;;
35658-100;;;
35659-100;;;
35660-100;;;5
35661-100;;;
35662-100;;;
35663-100;;;
35673-100;;;
35674-100;;;
35675-100;;;
35676-100;;;
35677-100;;;
35678-100;;;
35679-100;;;
35680-100;;;
35699-100;;;
35700-100;;;5
35701-100;;;5
35702-100;;;
35703-200;;;
35704-100;;;
35705-100;;;
35706-100;;;
35707-100;;;
35708-100;;;
35709-100;;;
35710-100;;;
35711-100;;;
35712-100;;;
35713-200;;;
35714-200;;;
35715-200;;;
35716-200;;;
35717-100;;;
35718-200;;;
35719-200;;;5
35720-100;;;
35721-100;;;
35722-100;;;
35723-100;;;
35724-100;;;
35725-200;;;
35726-100;;;
35727-100;;;
35728-100;;;
35729-100;;;
35730-100;;;
35731-200;;;
35732-100;;;
35733-200;;;
35734-200;;;
35735-200;;;
35736-100;;;
35737-100;;;
35738-100;;;
35739-100;;;
35740-100;;;
35750-100;;;
35751-100;;;
35752-100;;;
35753-100;;;
35754-100;;;
35755-100;;;
35756-100;;;
35757-100;;;
35770-100;;;
35771-100;;;
35772-100;;;
35773-100;;;
35774-100;;;
35775-100;;;
35776-100;;;
35777-100;;;
35778-100;;;
35779-100;;;
35780-100;;;
35781-100;;;
35782-100;;;
35783-100;;;
35784-100;;;
35790-100;;;5
35791-100;;;5
35792-100;;;
35793-100;;;
35794-100;;;
35795-100;;;
35796-100;;;
35797-100;;;
35798-100;;;
35799-100;;;
35800-100;;;
35801-100;;;
35802-100;;;
35803-100;;;
35804-100;;;
35805-100;;;
35806-100;;;
35807-200;;;
35808-200;;;
35850-100;;;
35851-100;;;
35852-100;;;
35853-100;;;
35854-100;;;
35855-100;;;
35856-100;;;
35857-100;;;
35858-100;;;
35860-100;;;
35861-100;;;
35880-100;;;
35881-200;;;5
35900-100;;;
35901-100;;;
35902-100;;;
35903-100;;;
35904-100;;;
35905-100;;;
35906-100;;;
35907-100;;;
35908-100;;;
35909-100;;;
35910-100;;;
35911-100;;;
35912-100;;;
35913-100;;;
35914-100;;;
35915-200;;;
35916-100;;;
35917-100;;;
35918-100;;;
35919-100;;;
35920-100;;;
35923-100;;;
35924-100;;;
35925-100;;;
35926-100;;;
35927-100;;;
35928-100;;;5
35929-100;;;
35930-100;;;
35931-100;;;
35932-100;;;
35933-100;;;
35934-100;;;
35935-100;;;
35936-100;;;
35937-100;;;
35938-100;;;
35939-100;;;
35940-100;;;
35941-100;;;
35942-100;;;
35943-100;;;
35944-100;;;
35945-200;;;
35946-200;;;
35947-100;;;
35948-100;;;
35949-200;;;
35950-100;;;
35951-100;;;
35952-100;;;
35953-100;;;
35954-100;;;
35955-200;;;
35956-200;;;
35957-200;;;
35958-200;;;
35959-100;;;
35960-100;;;
35961-100;;;
35962-100;;;
35963-100;;;
35964-100;;;
35965-100;;;
35966-100;;;
35967-100;;;
35968-100;;;
35969-100;;;
35970-100;;;
35971-100;;;
35972-100;;;
35973-100;;;
35974-100;;;
35975-100;;;
35976-100;;;
35977-100;;;
35978-100;;;
35980-100;;;
35981-100;;;
35982-100;;;
35983-100;;;
35984-100;;;
35985-100;;;
35986-100;;;
35987-100;;;
35988-100;;;
35989-100;;;
35990-100;;;
35991-100;;;
35992-100;;;
35993-100;;;
35994-100;;;
35995-100;;;
35996-100;;;
35997-100;;;
35998-100;;;
35999-100;;;
41229-200;;;
55462-100;;;
55463-100;;;
00630-200;Kalacak;;
00632-200;;2;
00646-200;Kalacak;;
57000-200;Kalacak;;
57001-200;Kalacak;;
40704-200;;;
40718-200;;;
40764-200;;2;
40755-200;Kalacak;;
40713-200;;2;
40754-200;;;5
40789-200;;;
40772-100;;;5
40775-200;;;
40752-200;;;5
40745-200;Kalacak;;
40763-200;;;
40776-200;;;
40773-200;;;
40738-200;;;5
40771-200;;;5
40762-200;;;
40766-200;;;5
40746-200;;2;
40768-200;Kalacak;;
40751-200;Kalacak;;
40711-200;;;
41068-200;Kalacak;;
40748-100;;2;
40759-200;Kalacak;;
40716-200;;;
30128-200;;;
40741-200;Kalacak;;
40703-200;Kalacak;;
40707-200;;;5
40708-200;;;5
40740-200;Kalacak;;
40706-200;Kalacak;;
40709-200;Kalacak;;
40700-200;Kalacak;;
40750-200;Kalacak;;
40769-200;Kalacak;;
40733-200;Kalacak;;
40701-100;Kalacak;;
40701-200;Kalacak;;
40702-200;Kalacak;;
40737-100;Kalacak;;
40737-200;;2;
40760-200;Kalacak;;
40720-100;Kalacak;;
40720-200;Kalacak;;
40739-200;Kalacak;;
40743-200;Kalacak;;
40715-200;Kalacak;;
40710-200;Kalacak;;
40747-200;;2;
40717-200;Kalacak;;
40714-200;Kalacak;;
40721-200;;;
40722-200;;;
40728-200;Kalacak;;
40727-200;;2;
40725-200;Kalacak;;
40726-200;Kalacak;;
40723-200;Kalacak;;
40735-200;Kalacak;;
40729-200;Kalacak;;
40731-200;;2;
40730-200;;;
40732-200;;;
40734-200;Kalacak;;
40736-200;;2;
40742-200;Kalacak;;
40712-200;Kalacak;;
40719-200;;2;
40774-200;;2;
40778-200;;;
40777-200;;;
40779-200;;;
40780-200;;2;
40782-200;;2;
40781-200;Kalacak;;
40786-200;Kalacak;;
40783-200;;2;
40784-200;;;5
40787-100;;;5
40788-200;;;5
40790-200;;;5
40793-200;;2;
40794-200;;2;
40799-200;;2;
40795-200;;2;
40797-200;;2;
40798-200;Kalacak;;
40805-200;Kalacak;;
40806-200;Kalacak;;
40807-200;Kalacak;;
40809-200;;2;
40810-200;;;5
40808-200;;;5
40813-200;Kalacak;;
40811-100;Kalacak;;
40811-200;Kalacak;;
40812-200;Kalacak;;
40814-200;;2;
40815-200;;2;
40816-200;;;5
41543-100;;;5
40820-200;Kalacak;;
48501-100;;;5
40817-200;;2;
40819-100;;2;
40822-200;;2;
40823-200;;;5
48502-100;;;5
40824-100;;;5
40829-200;;2;
40830-200;;2;
41074-200;Kalacak;;
69009-200;;;5
41120-200;;2;
40705-200;;;
40757-200;;;5
40749-100;;;5
40767-200;;;
40758-200;;;
40796-200;;;
40804-200;;;
40825-300;;;
40826-300;;;
40827-300;;;
40831-200;;;
00250-200;Kalacak;;
00251-200;;;5
00252-200;Kalacak;;
00253-200;;;
30160-100;;;
30161-100;;;
30162-100;;;
30163-100;;;5
30164-100;;;
30165-100;;;
30168-100;;;
30169-100;;;
30170-100;;;5
30171-100;;;
30174-100;;;
30175-100;;;
30176-100;;;
30177-100;;;
30178-100;;;
30179-100;;;
30180-100;;;5
30181-100;;;
30182-100;;;5
30183-100;;;5
30184-100;;;
30185-100;;;
30186-100;;;
30187-100;;;5
30188-100;;;5
30189-100;;;
30190-100;;;
30191-100;;;
30192-100;;;5
30193-100;;;
30194-100;;;5
30195-100;;;
30196-100;;;
30197-100;;;
30199-100;;;
30200-100;;;
30201-100;;;
30202-100;;;5
30203-100;;;5
30204-100;;;
30205-100;;;
30206-100;;;
30209-100;;;5
30210-100;;;
30212-100;;;
30213-100;;;
30214-100;;;
30215-100;;;
30217-100;;;
30218-100;;;
30219-100;;;
30220-100;;;
30221-100;;;
30222-100;;;
30223-100;;;
30225-100;;;
30226-100;;;
30227-100;;;
30228-100;;;5
30229-100;;;5
30230-100;;;5
30232-100;;;
30233-100;;;
30234-100;;;
30235-100;;;
30236-100;;;
30239-100;;;5
30240-100;;;
30241-100;;;
30243-100;;;5
30244-100;;;
30246-100;;;
30247-100;;;
30248-100;;;5
30249-100;;;5
30253-100;;;
30254-100;;;5
30255-100;;;
30256-100;;;
30257-100;;;5
30258-100;;;
30259-100;;;
30260-100;;;
30261-100;;;
30262-100;;;5
30263-100;;;
30264-100;;;
30265-100;;;
30266-100;;;
30267-100;;;
30269-100;;;
30271-100;;;
30272-100;;;
30274-100;;;
30275-100;;;
30276-100;;;
30277-100;;;
30278-100;;;
30291-100;;;5
30292-100;;;5
30293-100;;;
30294-100;;;
30296-100;;;5
30297-100;;;
30298-100;;;
30299-100;;;5
30300-100;;;
30301-100;;;
30302-100;;;
30303-100;;;
30304-100;;;
30305-100;;;5
30306-100;;;5
30307-100;;;5
30308-100;;;
30309-100;;;
30310-100;;;
30311-100;;;
30313-100;;;
30314-100;;;
30315-100;;;
30318-100;;;
30319-100;;;
30320-100;;;
30321-100;;;
30322-100;;;
30323-100;;;
30324-100;;;
30325-100;;;
30326-100;;;
30327-100;;;
30328-100;;;
30329-100;;;
30330-100;;;
30331-100;;;
30332-100;;;
30333-100;;;5
30334-100;;;5
30335-100;;;
30336-100;;;5
30337-100;;;
30338-100;;;5
30339-100;;;
30340-100;;;
30341-100;;;
30342-100;;;5
30344-100;;;
30345-100;;;
30346-100;;;
30347-100;;;
30350-100;;;
30351-100;;;
30352-100;;;
30353-200;;;
30355-100;;;
30356-100;;;
30357-100;;;
30358-100;;;
30359-100;;;
30360-100;;;5
30361-100;;;
30362-100;;;5
30363-100;;;
30368-100;;;
30369-100;;;
30370-100;;;
30371-100;;;
30372-100;;;
30373-100;;;
30374-100;;;
00629-200;Kalacak;;
00647-200;Kalacak;;
00769-200;Kalacak;;
00772-200;Kalacak;;
00927-200;Kalacak;;
59000-100;Kalacak;;
59001-100;Kalacak;;
59002-100;Kalacak;;
59003-100;Kalacak;;
59004-100;Kalacak;;
59005-100;Kalacak;;
59006-100;Kalacak;;
59007-200;Kalacak;;
59008-100;Kalacak;;
59009-100;Kalacak;;
57002-200;Kalacak;;
57003-200;Kalacak;;
57013-200;Kalacak;;
30150-200;;;
30151-200;;;
30152-200;;2;
30153-200;Kalacak;;
37300-200;Kalacak;;
37301-200;Kalacak;;
37302-200;Kalacak;;
37303-200;Kalacak;;
37305-200;Kalacak;;
37306-200;;2;
37307-200;;2;
37308-200;Kalacak;;
37309-200;Kalacak;;
37312-100;Kalacak;;
37315-100;;2;
37316-100;;2;
37317-100;;2;
37318-200;Kalacak;;
37319-200;Kalacak;;
37320-100;Kalacak;;
37321-200;Kalacak;;
37322-200;Kalacak;;
37323-200;Kalacak;;
37324-200;Kalacak;;
37325-200;;2;
37326-200;Kalacak;;
37327-100;Kalacak;;
37328-100;Kalacak;;
37329-200;Kalacak;;
37330-100;Kalacak;;
37331-100;Kalacak;;
00778-100;;2;
00831-100;Kalacak;;
00832-100;Kalacak;;
00834-100;Kalacak;;
00836-100;Kalacak;;
69000-200;;2;
69012-200;;;5
69011-200;;;5
70015-200;;;5
69013-200;;2;
70001-200;;;5
70016-200;;;5
70022-200;;2;
70023-200;;2;
70028-200;;2;
70038-200;;2;
70068-200;;2;
70069-200;;2;
70071-200;;2;
70076-200;;2;
70077-200;;2;
52000-100;Kalacak;;
48307-200;;;5
48308-200;;;5
70002-200;Kalacak;;
70003-200;;2;
70004-200;Kalacak;;
70005-200;;2;
70006-200;Kalacak;;
70010-200;Kalacak;;
70014-200;Kalacak;;
70045-200;Kalacak;;
70046-200;Kalacak;;
70047-200;;;5
39500-100;Kalacak;;
07000-100;Kalacak;;
07001-100;Kalacak;;
07002-100;;2;
07003-200;Kalacak;;
07004-200;Kalacak;;
07005-200;Kalacak;;
07006-200;Kalacak;;
07007-100;Kalacak;;
00450-100;Kalacak;;
00705-100;Kalacak;;
79207-100;;;5
38445-200;;;5
38461-200;;;5
38504-200;;;5
39014-200;;;5
39015-100;;;5
39019-100;;;5
39045-100;;;5
00016-100;;;
00116-100;;;5
00109-200;;;5
37182-200;;;5
71002-100;;;5
37183-200;;;5
37184-200;;;5
37185-200;;;5
37187-200;;;
37188-200;;;5
38343-200;;2;
38444-100;;;5
39037-200;;;5
39038-200;;;5
39040-200;;;5
00102-100;Kalacak;;
39010-200;;2;
39045-200;Kalacak;;
39011-200;;;5
39007-200;Kalacak;;
39008-200;;2;
38485-200;Kalacak;;
39022-200;;;5
39009-200;Kalacak;;
39068-200;Kalacak;;
38455-100;;2;
38455-200;;2;
38432-100;Kalacak;;
38432-200;;2;
38458-200;;2;
39054-200;;2;
39050-200;;;
39015-200;;2;
39030-200;;;5
38456-200;;;
37886-200;;2;
37884-200;;2;
38337-200;;2;
39004-200;Kalacak;;
39041-200;Kalacak;;
39019-200;;;5
39024-200;Kalacak;;
39023-200;Kalacak;;
38492-200;;;5
39039-200;Kalacak;;
38502-200;Kalacak;;
38510-200;;;5
39049-200;Kalacak;;
38450-200;Kalacak;;
38488-200;;;5
39003-200;;2;
38489-200;;2;
38500-200;Kalacak;;
39048-200;Kalacak;;
38505-200;;2;
39006-200;;;5
39052-200;Kalacak;;
39066-200;Kalacak;;
39016-200;;2;
37178-200;;;5
38467-200;Kalacak;;
37883-200;;2;
39000-200;Kalacak;;
38434-200;;;5
39001-200;;2;
37885-200;Kalacak;;
39027-200;Kalacak;;
39042-200;;;5
37176-200;;;5
37175-200;Kalacak;;
39028-200;;;5
37177-200;;2;
38453-200;;2;
38451-200;Kalacak;;
38490-200;Kalacak;;
38491-200;Kalacak;;
38454-200;Kalacak;;
38452-200;Kalacak;;
38501-200;;;5
39047-200;;2;
38498-200;;2;
38520-200;;2;
39067-200;Kalacak;;
78904-200;;;5
39051-200;Kalacak;;
38509-200;;;
37189-200;;;5
38459-100;;;5
39032-100;;;5
39031-100;;;5
39031-200;;;5
39033-100;;;5
39034-100;;2;
39044-100;;;5
39044-200;;;
39046-100;;;5
39046-200;;;
38342-100;;;5
38342-200;;;5
39043-100;;;5
39043-200;;;5
39006-100;Kalacak;;
38329-200;Kalacak;;
38368-200;Kalacak;;
38446-200;Kalacak;;
38471-200;;2;
37880-200;;;5
39018-200;Kalacak;;
38519-200;;;5
38478-200;Kalacak;;
38328-200;Kalacak;;
38367-200;Kalacak;;
38347-200;Kalacak;;
38477-200;Kalacak;;
38305-200;;;5
38464-200;;;5
37881-200;Kalacak;;
38472-200;;;5
38468-200;Kalacak;;
38474-200;Kalacak;;
38447-200;;2;
38330-200;Kalacak;;
38366-200;Kalacak;;
38449-200;Kalacak;;
38473-200;;;5
38465-200;Kalacak;;
37889-200;Kalacak;;
37879-200;;2;
37887-200;;;5
37888-200;;;5
38469-200;;;
38476-200;;2;
38475-200;Kalacak;;
38439-200;Kalacak;;
39026-200;;2;
38306-100;;;
39053-100;Kalacak;;
39017-100;Kalacak;;
38507-200;;;5
38504-100;;2;
38511-100;;;5
39029-200;;2;
38499-200;Kalacak;;
37180-200;;;5
37181-200;;;5
38493-200;;;5
38508-200;;;5
37190-100;;;
38512-100;;;5
38516-100;;2;
38515-100;;2;
38517-100;;2;
38513-100;;2;
38514-100;;;5
38518-100;;;5
37179-200;;;5
38506-200;;;5
38479-200;Kalacak;;
38503-200;;;5
36225-200;Kalacak;;
36226-200;Kalacak;;
40097-200;;2;
40531-200;Kalacak;;
40532-200;Kalacak;;
40533-200;Kalacak;;
40136-200;Kalacak;;
40505-200;;2;
40502-200;;2;
40075-200;Kalacak;;
40071-200;Kalacak;;
40070-200;Kalacak;;
40069-200;Kalacak;;
40134-200;;;
40504-200;;2;
40041-200;Kalacak;;
40043-200;Kalacak;;
40044-200;Kalacak;;
40025-200;Kalacak;;
40023-200;Kalacak;;
40033-200;;;
40045-200;;;
40054-200;;;5
40053-200;;;
40118-200;Kalacak;;
40321-200;;;5
40328-200;Kalacak;;
40326-200;;;5
40128-200;;;5
40013-200;;;
40011-200;;;
40330-200;;;5
40519-200;Kalacak;;
40520-200;Kalacak;;
40331-200;Kalacak;;
40332-200;Kalacak;;
40098-200;Kalacak;;
40088-100;Kalacak;;
40088-200;Kalacak;;
40525-200;Kalacak;;
40526-200;Kalacak;;
40092-200;Kalacak;;
40089-200;Kalacak;;
40086-200;Kalacak;;
40090-200;Kalacak;;
40091-200;Kalacak;;
40096-200;;2;
40085-200;;2;
40515-200;Kalacak;;
40521-200;Kalacak;;
40523-200;Kalacak;;
40093-200;;2;
40094-200;;2;
40140-200;Kalacak;;
40513-200;Kalacak;;
40514-200;Kalacak;;
40099-200;Kalacak;;
40516-200;;2;
40517-200;;2;
40518-200;Kalacak;;
40019-200;;2;
40001-200;;;
40004-200;;2;
40006-200;;;5
40135-200;;2;
40112-200;Kalacak;;
40113-200;Kalacak;;
40114-200;Kalacak;;
40009-200;;;
40010-200;;;
40012-200;;;
40501-200;;2;
78964-200;;;5
40312-200;;;
40035-200;Kalacak;;
40036-200;Kalacak;;
40038-200;Kalacak;;
40039-200;Kalacak;;
40047-200;Kalacak;;
40046-200;Kalacak;;
40049-200;;2;
40026-200;;;5
40024-200;Kalacak;;
40030-200;Kalacak;;
40031-200;;2;
40020-200;Kalacak;;
40021-200;Kalacak;;
40018-200;;2;
40060-200;;;
40126-200;Kalacak;;
40027-200;Kalacak;;
40510-200;Kalacak;;
40509-200;Kalacak;;
40500-200;;2;
40310-200;;;
40309-200;;;5
40311-200;;2;
40222-200;;;
40110-200;;;
40003-200;Kalacak;;
40101-200;;;
40103-200;;;
40109-200;;;
40313-200;;;5
40063-200;;;
40066-200;;;
40307-200;;;5
45000-100;;2;
45001-100;;2;
45002-100;;2;
45003-100;;2;
45004-100;Kalacak;;
45005-100;Kalacak;;
45006-100;Kalacak;;
45007-100;;2;
45008-100;Kalacak;;
45009-100;Kalacak;;
45010-200;Kalacak;;
45011-100;Kalacak;;
45012-100;Kalacak;;
45013-100;Kalacak;;
45014-200;Kalacak;;
45015-200;;2;
45016-100;Kalacak;;
45017-100;Kalacak;;
45018-100;Kalacak;;
45019-100;Kalacak;;
45020-100;Kalacak;;
45021-100;Kalacak;;
45022-200;Kalacak;;
45023-200;Kalacak;;
45024-200;Kalacak;;
45025-100;;2;
45026-100;;2;
45027-100;Kalacak;;
45028-100;Kalacak;;
45029-100;Kalacak;;
45030-100;Kalacak;;
45031-100;Kalacak;;
45033-100;Kalacak;;
45034-100;Kalacak;;
45035-100;Kalacak;;
45036-100;Kalacak;;
45037-100;Kalacak;;
45038-100;Kalacak;;
45039-100;Kalacak;;
45040-100;Kalacak;;
45041-100;Kalacak;;
45042-100;Kalacak;;
45043-100;Kalacak;;
37311-100;Kalacak;;
37313-100;Kalacak;;
37314-100;Kalacak;;
00023-200;Kalacak;;
00103-200;;;5
00122-200;Kalacak;;
00123-200;Kalacak;;
79453-100;;;5
79474-100;;;5
79452-100;Kalacak;;
79473-100;;2;
